Spec Type,CPU Load (%),datasize,imgHeight,imgWidth,T_p,,,,
0,0,2974053,1600,1550,4.014993081,,,0,XOSmall
0,0,1282401,938,1250,1.59343421,,,1,XOMedium
0,0,1151338,720,960,1.094844019,,,2,XOLarge
0,0,2071394,1210,1600,2.353957984,,,3,XOXLarge
0,0,558718,400,620,0.678251946,,,,
0,0,2884168,1530,1530,2.734455667,,,,
0,0,1993508,1143,1600,2.3098225,,,,
0,0,374013,333,500,0.594359953,,,,
0,0,221663,375,500,0.611949375,,,,
0,0,1352544,938,1250,1.653242644,,,,
0,0,1915446,1600,1068,2.11823954,,,,
0,0,1202040,639,960,1.044849773,,,,
0,0,1926564,1200,1600,2.333894939,,,,
0,0,826374,720,960,1.126618547,,,,
0,0,896736,686,960,1.071068256,,,,
0,0,2092639,1200,1600,2.278344517,,,,
0,0,1162591,938,1250,1.586807691,,,,
0,0,796277,726,960,1.118579064,,,,
0,0,1653536,1250,1228,1.953841792,,,,
0,0,2331418,1600,1200,2.400786299,,,,
0,0,633322,480,640,0.723503149,,,,
0,0,1554899,1595,1600,2.908395429,,,,
0,0,821168,480,640,0.720132131,,,,
0,0,2503272,1020,1600,2.051885953,,,,
0,0,2582799,1600,1280,2.459887758,,,,
0,0,1885600,1180,1600,2.339197084,,,,
0,0,349774,375,500,0.598979554,,,,
0,0,804148,642,960,1.029946886,,,,
0,0,2296687,1095,1600,2.174831333,,,,
0,0,1413641,1250,938,1.572075679,,,,
0,0,1847500,1200,1600,2.361001819,,,,
0,0,2402644,1200,1600,2.362122505,,,,
0,0,2144622,1600,1068,2.126392303,,,,
0,0,415601,420,640,0.678120759,,,,
0,0,383725,383,640,0.650281635,,,,
0,0,955547,960,960,1.334982844,,,,
0,0,1046140,576,768,0.881371803,,,,
0,0,1046484,576,768,0.865009788,,,,
0,0,1226595,960,719,1.117857611,,,,
0,0,497496,536,559,0.710883051,,,,
0,0,370409,279,640,0.589586669,,,,
0,0,3214460,1600,1200,2.282745581,,,,
0,0,2249694,1530,1530,2.754760845,,,,
0,0,1688157,1073,1600,2.140393373,,,,
0,0,906843,960,765,1.138497789,,,,
0,0,766240,480,640,0.721452557,,,,
0,0,2485823,800,1200,1.329571463,,,,
0,0,2470642,877,1240,1.509843519,,,,
0,0,1017275,548,822,0.849645604,,,,
0,0,721296,366,770,0.70107325,,,,
0,0,840644,845,960,1.199366079,,,,
0,0,1593233,903,1600,1.873531438,,,,
0,0,238233,429,640,0.673069368,,,,
0,0,922497,639,960,1.036654868,,,,
0,0,2388074,1600,1390,2.671401404,,,,
0,0,2165827,1200,1600,2.293099332,,,,
0,0,976410,720,960,1.094573535,,,,
0,0,861161,533,800,0.819947213,,,,
0,0,2053451,1600,1070,2.100159878,,,,
0,0,465161,480,640,0.710083712,,,,
0,0,872558,642,960,1.005026832,,,,
0,0,2414769,808,1600,1.664344667,,,,
0,0,2111250,1600,1068,2.080385564,,,,
0,0,2559360,960,1280,1.595520303,,,,
0,0,3118173,960,1280,1.614728642,,,,
0,0,2188564,960,1280,1.611591967,,,,
0,0,1426464,1600,1070,2.094654856,,,,
0,0,339513,387,462,0.590794751,,,,
0,0,2676486,1600,1065,2.103511774,,,,
0,0,1245145,1600,1600,2.915534199,,,,
0,0,1111809,720,960,1.088329046,,,,
0,0,2519906,960,1280,1.633235412,,,,
0,0,1956028,1200,1600,2.360149563,,,,
0,0,2215286,1050,1600,2.08194183,,,,
0,0,2033663,1200,1600,2.341626867,,,,
0,0,1517519,898,1600,1.795620607,,,,
0,0,3020157,1600,1200,2.336652189,,,,
0,0,991079,639,960,1.037705112,,,,
0,0,689807,576,720,0.817837807,,,,
0,0,441589,480,640,0.688145346,,,,
0,0,1469480,1065,1600,2.10740193,,,,
0,0,1052068,576,768,0.832548275,,,,
0,0,1901959,898,1600,1.869914258,,,,
0,0,1629932,619,1100,1.057786266,,,,
0,0,1828266,1068,1600,2.092166385,,,,
0,0,135021,351,309,0.529551139,,,,
0,0,1378276,1068,1600,2.122998242,,,,
0,0,3442989,960,1280,1.616192332,,,,
0,0,2746640,1065,1600,2.209798765,,,,
0,0,2706112,960,1280,1.630185342,,,,
0,0,2127391,1600,1200,2.366802898,,,,
0,0,2533995,960,1280,1.634081456,,,,
0,0,1092545,465,1600,1.128318783,,,,
0,0,1710539,1500,1295,2.375350833,,,,
0,0,299013,375,500,0.582032939,,,,
0,0,2782693,1298,1600,2.615255145,,,,
0,0,1766842,1200,1600,2.25697536,,,,
0,0,310825,375,500,0.593306655,,,,
0,0,939716,918,918,1.2523455,,,,
0,0,2821410,1200,1600,2.260775172,,,,
0,25,2974053,1600,1550,4.014993081,,,,
0,25,1282401,938,1250,1.59343421,,,,
0,25,1151338,720,960,1.094844019,,,,
0,25,2071394,1210,1600,2.353957984,,,,
0,25,558718,400,620,0.678251946,,,,
0,25,2884168,1530,1530,2.734455667,,,,
0,25,1993508,1143,1600,2.3098225,,,,
0,25,374013,333,500,0.594359953,,,,
0,25,221663,375,500,0.611949375,,,,
0,25,1352544,938,1250,1.653242644,,,,
0,25,1915446,1600,1068,2.11823954,,,,
0,25,1202040,639,960,1.044849773,,,,
0,25,1926564,1200,1600,2.333894939,,,,
0,25,826374,720,960,1.126618547,,,,
0,25,896736,686,960,1.071068256,,,,
0,25,2092639,1200,1600,2.278344517,,,,
0,25,1162591,938,1250,1.586807691,,,,
0,25,796277,726,960,1.118579064,,,,
0,25,1653536,1250,1228,1.953841792,,,,
0,25,2331418,1600,1200,2.400786299,,,,
0,25,633322,480,640,0.723503149,,,,
0,25,1554899,1595,1600,2.908395429,,,,
0,25,821168,480,640,0.720132131,,,,
0,25,2503272,1020,1600,2.051885953,,,,
0,25,2582799,1600,1280,2.459887758,,,,
0,25,1885600,1180,1600,2.339197084,,,,
0,25,349774,375,500,0.598979554,,,,
0,25,804148,642,960,1.029946886,,,,
0,25,2296687,1095,1600,2.174831333,,,,
0,25,1413641,1250,938,1.572075679,,,,
0,25,1847500,1200,1600,2.361001819,,,,
0,25,2402644,1200,1600,2.362122505,,,,
0,25,2144622,1600,1068,2.126392303,,,,
0,25,415601,420,640,0.678120759,,,,
0,25,383725,383,640,0.650281635,,,,
0,25,955547,960,960,1.334982844,,,,
0,25,1046140,576,768,0.881371803,,,,
0,25,1046484,576,768,0.865009788,,,,
0,25,1226595,960,719,1.117857611,,,,
0,25,497496,536,559,0.710883051,,,,
0,25,370409,279,640,0.589586669,,,,
0,25,3214460,1600,1200,2.282745581,,,,
0,25,2249694,1530,1530,2.754760845,,,,
0,25,1688157,1073,1600,2.140393373,,,,
0,25,906843,960,765,1.138497789,,,,
0,25,766240,480,640,0.721452557,,,,
0,25,2485823,800,1200,1.329571463,,,,
0,25,2470642,877,1240,1.509843519,,,,
0,25,1017275,548,822,0.849645604,,,,
0,25,721296,366,770,0.70107325,,,,
0,25,840644,845,960,1.199366079,,,,
0,25,1593233,903,1600,1.873531438,,,,
0,25,238233,429,640,0.673069368,,,,
0,25,922497,639,960,1.036654868,,,,
0,25,2388074,1600,1390,2.671401404,,,,
0,25,2165827,1200,1600,2.293099332,,,,
0,25,976410,720,960,1.094573535,,,,
0,25,861161,533,800,0.819947213,,,,
0,25,2053451,1600,1070,2.100159878,,,,
0,25,465161,480,640,0.710083712,,,,
0,25,872558,642,960,1.005026832,,,,
0,25,2414769,808,1600,1.664344667,,,,
0,25,2111250,1600,1068,2.080385564,,,,
0,25,2559360,960,1280,1.595520303,,,,
0,25,3118173,960,1280,1.614728642,,,,
0,25,2188564,960,1280,1.611591967,,,,
0,25,1426464,1600,1070,2.094654856,,,,
0,25,339513,387,462,0.590794751,,,,
0,25,2676486,1600,1065,2.103511774,,,,
0,25,1245145,1600,1600,2.915534199,,,,
0,25,1111809,720,960,1.088329046,,,,
0,25,2519906,960,1280,1.633235412,,,,
0,25,1956028,1200,1600,2.360149563,,,,
0,25,2215286,1050,1600,2.08194183,,,,
0,25,2033663,1200,1600,2.341626867,,,,
0,25,1517519,898,1600,1.795620607,,,,
0,25,3020157,1600,1200,2.336652189,,,,
0,25,991079,639,960,1.037705112,,,,
0,25,689807,576,720,0.817837807,,,,
0,25,441589,480,640,0.688145346,,,,
0,25,1469480,1065,1600,2.10740193,,,,
0,25,1052068,576,768,0.832548275,,,,
0,25,1901959,898,1600,1.869914258,,,,
0,25,1629932,619,1100,1.057786266,,,,
0,25,1828266,1068,1600,2.092166385,,,,
0,25,135021,351,309,0.529551139,,,,
0,25,1378276,1068,1600,2.122998242,,,,
0,25,3442989,960,1280,1.616192332,,,,
0,25,2746640,1065,1600,2.209798765,,,,
0,25,2706112,960,1280,1.630185342,,,,
0,25,2127391,1600,1200,2.366802898,,,,
0,25,2533995,960,1280,1.634081456,,,,
0,25,1092545,465,1600,1.128318783,,,,
0,25,1710539,1500,1295,2.375350833,,,,
0,25,299013,375,500,0.582032939,,,,
0,25,2782693,1298,1600,2.615255145,,,,
0,25,1766842,1200,1600,2.25697536,,,,
0,25,310825,375,500,0.593306655,,,,
0,25,939716,918,918,1.2523455,,,,
0,25,2821410,1200,1600,2.260775172,,,,
0,50,2974053,1600,1550,5.152973944,,,,
0,50,1282401,938,1250,2.182052906,,,,
0,50,1151338,720,960,1.474209911,,,,
0,50,2071394,1210,1600,3.150326914,,,,
0,50,558718,400,620,0.953156209,,,,
0,50,2884168,1530,1530,3.677442603,,,,
0,50,1993508,1143,1600,3.244260039,,,,
0,50,374013,333,500,0.894303574,,,,
0,50,221663,375,500,0.813034082,,,,
0,50,1352544,938,1250,2.147863411,,,,
0,50,1915446,1600,1068,2.868898114,,,,
0,50,1202040,639,960,1.353802425,,,,
0,50,1926564,1200,1600,3.262639985,,,,
0,50,826374,720,960,1.595039707,,,,
0,50,896736,686,960,1.613710351,,,,
0,50,2092639,1200,1600,2.970999377,,,,
0,50,1162591,938,1250,2.206239662,,,,
0,50,796277,726,960,1.485717824,,,,
0,50,1653536,1250,1228,2.772011459,,,,
0,50,2331418,1600,1200,3.206136295,,,,
0,50,633322,480,640,0.917911962,,,,
0,50,1554899,1595,1600,4.109678987,,,,
0,50,821168,480,640,1.04563504,,,,
0,50,2503272,1020,1600,2.659452232,,,,
0,50,2582799,1600,1280,3.388456749,,,,
0,50,1885600,1180,1600,3.259731524,,,,
0,50,349774,375,500,0.878219441,,,,
0,50,804148,642,960,1.34526689,,,,
0,50,2296687,1095,1600,3.085655215,,,,
0,50,1413641,1250,938,2.142785528,,,,
0,50,1847500,1200,1600,3.143244898,,,,
0,50,2402644,1200,1600,3.357861861,,,,
0,50,2144622,1600,1068,2.806697912,,,,
0,50,415601,420,640,0.978440162,,,,
0,50,383725,383,640,0.944929213,,,,
0,50,955547,960,960,1.668267681,,,,
0,50,1046140,576,768,1.17291961,,,,
0,50,1046484,576,768,1.169042858,,,,
0,50,1226595,960,719,1.671285337,,,,
0,50,497496,536,559,0.903991322,,,,
0,50,370409,279,640,0.704254442,,,,
0,50,3214460,1600,1200,3.259813653,,,,
0,50,2249694,1530,1530,3.866803496,,,,
0,50,1688157,1073,1600,2.90899722,,,,
0,50,906843,960,765,1.621780517,,,,
0,50,766240,480,640,0.893790584,,,,
0,50,2485823,800,1200,1.914121313,,,,
0,50,2470642,877,1240,2.087390024,,,,
0,50,1017275,548,822,1.256332378,,,,
0,50,721296,366,770,0.725011956,,,,
0,50,840644,845,960,1.771263577,,,,
0,50,1593233,903,1600,2.544654515,,,,
0,50,238233,429,640,1.013382451,,,,
0,50,922497,639,960,1.343418283,,,,
0,50,2388074,1600,1390,3.65715369,,,,
0,50,2165827,1200,1600,3.222280396,,,,
0,50,976410,720,960,1.382145382,,,,
0,50,861161,533,800,1.112528366,,,,
0,50,2053451,1600,1070,2.995007248,,,,
0,50,465161,480,640,0.887869988,,,,
0,50,872558,642,960,1.511356968,,,,
0,50,2414769,808,1600,2.277957201,,,,
0,50,2111250,1600,1068,2.764483601,,,,
0,50,2559360,960,1280,2.208964669,,,,
0,50,3118173,960,1280,2.25046659,,,,
0,50,2188564,960,1280,2.271570856,,,,
0,50,1426464,1600,1070,2.863240598,,,,
0,50,339513,387,462,0.820091448,,,,
0,50,2676486,1600,1065,3.039214631,,,,
0,50,1245145,1600,1600,3.976139861,,,,
0,50,1111809,720,960,1.440162327,,,,
0,50,2519906,960,1280,2.209926878,,,,
0,50,1956028,1200,1600,3.319550621,,,,
0,50,2215286,1050,1600,2.830285025,,,,
0,50,2033663,1200,1600,3.241045505,,,,
0,50,1517519,898,1600,2.63431178,,,,
0,50,3020157,1600,1200,3.25173617,,,,
0,50,991079,639,960,1.514753978,,,,
0,50,689807,576,720,1.129235584,,,,
0,50,441589,480,640,0.846558498,,,,
0,50,1469480,1065,1600,2.853472657,,,,
0,50,1052068,576,768,1.134728065,,,,
0,50,1901959,898,1600,2.57110208,,,,
0,50,1629932,619,1100,1.354986984,,,,
0,50,1828266,1068,1600,2.931407954,,,,
0,50,135021,351,309,0.694890993,,,,
0,50,1378276,1068,1600,2.785321282,,,,
0,50,3442989,960,1280,2.169665791,,,,
0,50,2746640,1065,1600,2.999984979,,,,
0,50,2706112,960,1280,2.241377701,,,,
0,50,2127391,1600,1200,3.209192514,,,,
0,50,2533995,960,1280,2.231734941,,,,
0,50,1092545,465,1600,1.482152009,,,,
0,50,1710539,1500,1295,3.276100343,,,,
0,50,299013,375,500,0.766905658,,,,
0,50,2782693,1298,1600,3.625314996,,,,
0,50,1766842,1200,1600,2.953553795,,,,
0,50,310825,375,500,0.816424837,,,,
0,50,939716,918,918,1.609185312,,,,
0,50,2821410,1200,1600,3.254517062,,,,
0,75,2974053,1600,1550,6.319795984,,,,
0,75,1282401,938,1250,2.477653786,,,,
0,75,1151338,720,960,1.687471198,,,,
0,75,2071394,1210,1600,3.739338515,,,,
0,75,558718,400,620,1.143596413,,,,
0,75,2884168,1530,1530,4.392198781,,,,
0,75,1993508,1143,1600,3.780190052,,,,
0,75,374013,333,500,0.90095909,,,,
0,75,221663,375,500,0.923302637,,,,
0,75,1352544,938,1250,2.646744437,,,,
0,75,1915446,1600,1068,3.278578711,,,,
0,75,1202040,639,960,1.675065511,,,,
0,75,1926564,1200,1600,3.834856684,,,,
0,75,826374,720,960,1.780639989,,,,
0,75,896736,686,960,1.640273317,,,,
0,75,2092639,1200,1600,3.746233146,,,,
0,75,1162591,938,1250,2.506276691,,,,
0,75,796277,726,960,1.675486927,,,,
0,75,1653536,1250,1228,3.146935712,,,,
0,75,2331418,1600,1200,3.846297318,,,,
0,75,633322,480,640,1.119108922,,,,
0,75,1554899,1595,1600,4.620594211,,,,
0,75,821168,480,640,1.24053504,,,,
0,75,2503272,1020,1600,3.231068097,,,,
0,75,2582799,1600,1280,3.986442853,,,,
0,75,1885600,1180,1600,3.73690079,,,,
0,75,349774,375,500,0.932940509,,,,
0,75,804148,642,960,1.602726144,,,,
0,75,2296687,1095,1600,3.608904584,,,,
0,75,1413641,1250,938,2.523857929,,,,
0,75,1847500,1200,1600,3.83047514,,,,
0,75,2402644,1200,1600,3.794675382,,,,
0,75,2144622,1600,1068,3.420543413,,,,
0,75,415601,420,640,1.20035023,,,,
0,75,383725,383,640,0.998698131,,,,
0,75,955547,960,960,2.232688405,,,,
0,75,1046140,576,768,1.37046981,,,,
0,75,1046484,576,768,1.369898157,,,,
0,75,1226595,960,719,1.790073159,,,,
0,75,497496,536,559,1.118055438,,,,
0,75,370409,279,640,1.00376212,,,,
0,75,3214460,1600,1200,3.712135207,,,,
0,75,2249694,1530,1530,4.479006302,,,,
0,75,1688157,1073,1600,3.576293153,,,,
0,75,906843,960,765,1.798759612,,,,
0,75,766240,480,640,1.162753112,,,,
0,75,2485823,800,1200,2.123098603,,,,
0,75,2470642,877,1240,2.473575487,,,,
0,75,1017275,548,822,1.342731071,,,,
0,75,721296,366,770,1.218508616,,,,
0,75,840644,845,960,1.916166578,,,,
0,75,1593233,903,1600,3.051535323,,,,
0,75,238233,429,640,1.096971418,,,,
0,75,922497,639,960,1.561712455,,,,
0,75,2388074,1600,1390,4.275962688,,,,
0,75,2165827,1200,1600,3.671185256,,,,
0,75,976410,720,960,1.723350135,,,,
0,75,861161,533,800,1.303524015,,,,
0,75,2053451,1600,1070,3.455828072,,,,
0,75,465161,480,640,1.045674607,,,,
0,75,872558,642,960,1.631668897,,,,
0,75,2414769,808,1600,2.700292959,,,,
0,75,2111250,1600,1068,3.355765946,,,,
0,75,2559360,960,1280,2.557647832,,,,
0,75,3118173,960,1280,2.569810629,,,,
0,75,2188564,960,1280,2.581487447,,,,
0,75,1426464,1600,1070,3.361343468,,,,
0,75,339513,387,462,0.931566429,,,,
0,75,2676486,1600,1065,3.481866111,,,,
0,75,1245145,1600,1600,4.707904555,,,,
0,75,1111809,720,960,1.693762975,,,,
0,75,2519906,960,1280,2.616234138,,,,
0,75,1956028,1200,1600,3.748020798,,,,
0,75,2215286,1050,1600,3.453798094,,,,
0,75,2033663,1200,1600,3.747412539,,,,
0,75,1517519,898,1600,2.903481558,,,,
0,75,3020157,1600,1200,3.868405352,,,,
0,75,991079,639,960,1.700170181,,,,
0,75,689807,576,720,1.303961928,,,,
0,75,441589,480,640,1.256822268,,,,
0,75,1469480,1065,1600,3.277982364,,,,
0,75,1052068,576,768,1.43082815,,,,
0,75,1901959,898,1600,2.905452737,,,,
0,75,1629932,619,1100,1.713772197,,,,
0,75,1828266,1068,1600,3.498411697,,,,
0,75,135021,351,309,0.819088245,,,,
0,75,1378276,1068,1600,3.34931443,,,,
0,75,3442989,960,1280,2.75734806,,,,
0,75,2746640,1065,1600,3.349863243,,,,
0,75,2706112,960,1280,2.692776386,,,,
0,75,2127391,1600,1200,3.769264581,,,,
0,75,2533995,960,1280,2.750787921,,,,
0,75,1092545,465,1600,1.751929718,,,,
0,75,1710539,1500,1295,3.80535048,,,,
0,75,299013,375,500,0.901804498,,,,
0,75,2782693,1298,1600,4.224418258,,,,
0,75,1766842,1200,1600,3.62419404,,,,
0,75,310825,375,500,0.909819458,,,,
0,75,939716,918,918,1.937308179,,,,
0,75,2821410,1200,1600,3.575008002,,,,
1,0,2974053,1600,1550,4.463843154,,,,
1,0,1282401,938,1250,1.780648697,,,,
1,0,1151338,720,960,1.228285537,,,,
1,0,2071394,1210,1600,2.610073624,,,,
1,0,558718,400,620,0.739357182,,,,
1,0,2884168,1530,1530,3.0918438,,,,
1,0,1993508,1143,1600,2.622979778,,,,
1,0,374013,333,500,0.682290252,,,,
1,0,221663,375,500,0.722236163,,,,
1,0,1352544,938,1250,1.7751154,,,,
1,0,1915446,1600,1068,2.31125548,,,,
1,0,1202040,639,960,1.154372294,,,,
1,0,1926564,1200,1600,2.615994176,,,,
1,0,826374,720,960,1.254439498,,,,
1,0,896736,686,960,1.175287248,,,,
1,0,2092639,1200,1600,2.561339087,,,,
1,0,1162591,938,1250,1.741254674,,,,
1,0,796277,726,960,1.257361904,,,,
1,0,1653536,1250,1228,2.178560142,,,,
1,0,2331418,1600,1200,2.688836536,,,,
1,0,633322,480,640,0.807472651,,,,
1,0,1554899,1595,1600,3.211702727,,,,
1,0,821168,480,640,0.834193402,,,,
1,0,2503272,1020,1600,2.291912915,,,,
1,0,2582799,1600,1280,2.745728917,,,,
1,0,1885600,1180,1600,2.599089916,,,,
1,0,349774,375,500,0.67492833,,,,
1,0,804148,642,960,1.152198951,,,,
1,0,2296687,1095,1600,2.455757773,,,,
1,0,1413641,1250,938,1.796012129,,,,
1,0,1847500,1200,1600,2.649288308,,,,
1,0,2402644,1200,1600,2.579199505,,,,
1,0,2144622,1600,1068,2.358163901,,,,
1,0,415601,420,640,0.777824004,,,,
1,0,383725,383,640,0.728029314,,,,
1,0,955547,960,960,1.467978238,,,,
1,0,1046140,576,768,0.956339808,,,,
1,0,1046484,576,768,0.956879515,,,,
1,0,1226595,960,719,1.268113888,,,,
1,0,497496,536,559,0.80263416,,,,
1,0,370409,279,640,0.655836881,,,,
1,0,3214460,1600,1200,2.597590201,,,,
1,0,2249694,1530,1530,3.120905345,,,,
1,0,1688157,1073,1600,2.382910423,,,,
1,0,906843,960,765,1.288145597,,,,
1,0,766240,480,640,0.814542628,,,,
1,0,2485823,800,1200,1.523153315,,,,
1,0,2470642,877,1240,1.633097775,,,,
1,0,1017275,548,822,0.964678398,,,,
1,0,721296,366,770,0.768533038,,,,
1,0,840644,845,960,1.353401958,,,,
1,0,1593233,903,1600,2.109065896,,,,
1,0,238233,429,640,0.746393089,,,,
1,0,922497,639,960,1.144308164,,,,
1,0,2388074,1600,1390,2.996252884,,,,
1,0,2165827,1200,1600,2.567166041,,,,
1,0,976410,720,960,1.239066939,,,,
1,0,861161,533,800,0.919430356,,,,
1,0,2053451,1600,1070,2.325307558,,,,
1,0,465161,480,640,0.796318015,,,,
1,0,872558,642,960,1.164092875,,,,
1,0,2414769,808,1600,1.872058719,,,,
1,0,2111250,1600,1068,2.329033318,,,,
1,0,2559360,960,1280,1.830869996,,,,
1,0,3118173,960,1280,1.846353433,,,,
1,0,2188564,960,1280,1.828953217,,,,
1,0,1426464,1600,1070,2.358109065,,,,
1,0,339513,387,462,0.651601911,,,,
1,0,2676486,1600,1065,2.328010017,,,,
1,0,1245145,1600,1600,3.255400223,,,,
1,0,1111809,720,960,1.213185028,,,,
1,0,2519906,960,1280,1.820361615,,,,
1,0,1956028,1200,1600,2.624269886,,,,
1,0,2215286,1050,1600,2.362826659,,,,
1,0,2033663,1200,1600,2.656809442,,,,
1,0,1517519,898,1600,2.034985005,,,,
1,0,3020157,1600,1200,2.617971744,,,,
1,0,991079,639,960,1.143483763,,,,
1,0,689807,576,720,0.919644445,,,,
1,0,441589,480,640,0.78738675,,,,
1,0,1469480,1065,1600,2.34083225,,,,
1,0,1052068,576,768,0.954451932,,,,
1,0,1901959,898,1600,2.064451347,,,,
1,0,1629932,619,1100,1.203168652,,,,
1,0,1828266,1068,1600,2.363416278,,,,
1,0,135021,351,309,0.589343654,,,,
1,0,1378276,1068,1600,2.341695783,,,,
1,0,3442989,960,1280,1.838866847,,,,
1,0,2746640,1065,1600,2.352296591,,,,
1,0,2706112,960,1280,1.822621699,,,,
1,0,2127391,1600,1200,2.610530187,,,,
1,0,2533995,960,1280,1.834429503,,,,
1,0,1092545,465,1600,1.306258749,,,,
1,0,1710539,1500,1295,2.594177329,,,,
1,0,299013,375,500,0.67484959,,,,
1,0,2782693,1298,1600,2.89818522,,,,
1,0,1766842,1200,1600,2.564118671,,,,
1,0,310825,375,500,0.661470546,,,,
1,0,939716,918,918,1.386603247,,,,
1,0,2821410,1200,1600,2.542095375,,,,
1,25,2974053,1600,1550,5.165798216,,,,
1,25,1282401,938,1250,2.157900461,,,,
1,25,1151338,720,960,1.287519195,,,,
1,25,2071394,1210,1600,3.072775156,,,,
1,25,558718,400,620,1.160853214,,,,
1,25,2884168,1530,1530,3.494887455,,,,
1,25,1993508,1143,1600,2.974223019,,,,
1,25,374013,333,500,0.710147098,,,,
1,25,221663,375,500,1.049206323,,,,
1,25,1352544,938,1250,1.859966968,,,,
1,25,1915446,1600,1068,3.024400549,,,,
1,25,1202040,639,960,1.314272777,,,,
1,25,1926564,1200,1600,3.050419495,,,,
1,25,826374,720,960,1.628287198,,,,
1,25,896736,686,960,1.234332521,,,,
1,25,2092639,1200,1600,3.012994851,,,,
1,25,1162591,938,1250,2.144309452,,,,
1,25,796277,726,960,1.602184011,,,,
1,25,1653536,1250,1228,2.611263141,,,,
1,25,2331418,1600,1200,3.110235457,,,,
1,25,633322,480,640,0.838904601,,,,
1,25,1554899,1595,1600,4.027645018,,,,
1,25,821168,480,640,0.848890567,,,,
1,25,2503272,1020,1600,2.70180007,,,,
1,25,2582799,1600,1280,3.491158106,,,,
1,25,1885600,1180,1600,3.033828336,,,,
1,25,349774,375,500,0.689894777,,,,
1,25,804148,642,960,1.514592376,,,,
1,25,2296687,1095,1600,2.85102522,,,,
1,25,1413641,1250,938,2.190025835,,,,
1,25,1847500,1200,1600,3.040608221,,,,
1,25,2402644,1200,1600,3.054644538,,,,
1,25,2144622,1600,1068,2.797605311,,,,
1,25,415601,420,640,1.100397808,,,,
1,25,383725,383,640,0.745432563,,,,
1,25,955547,960,960,1.854877548,,,,
1,25,1046140,576,768,0.994439531,,,,
1,25,1046484,576,768,1.305324592,,,,
1,25,1226595,960,719,1.294043393,,,,
1,25,497496,536,559,1.080678708,,,,
1,25,370409,279,640,0.718189066,,,,
1,25,3214460,1600,1200,3.009747117,,,,
1,25,2249694,1530,1530,3.782142548,,,,
1,25,1688157,1073,1600,2.725011043,,,,
1,25,906843,960,765,1.632464522,,,,
1,25,766240,480,640,0.819824732,,,,
1,25,2485823,800,1200,1.88460403,,,,
1,25,2470642,877,1240,2.104266486,,,,
1,25,1017275,548,822,1.002307144,,,,
1,25,721296,366,770,0.790409684,,,,
1,25,840644,845,960,1.716394523,,,,
1,25,1593233,903,1600,2.556848508,,,,
1,25,238233,429,640,0.774329333,,,,
1,25,922497,639,960,1.501202163,,,,
1,25,2388074,1600,1390,3.434739538,,,,
1,25,2165827,1200,1600,3.059839355,,,,
1,25,976410,720,960,1.594158815,,,,
1,25,861161,533,800,0.955124947,,,,
1,25,2053451,1600,1070,2.803383776,,,,
1,25,465161,480,640,1.14459226,,,,
1,25,872558,642,960,1.176747542,,,,
1,25,2414769,808,1600,2.288841699,,,,
1,25,2111250,1600,1068,2.784601931,,,,
1,25,2559360,960,1280,2.210188822,,,,
1,25,3118173,960,1280,2.232859031,,,,
1,25,2188564,960,1280,2.235656284,,,,
1,25,1426464,1600,1070,2.738992866,,,,
1,25,339513,387,462,0.671285281,,,,
1,25,2676486,1600,1065,2.796627974,,,,
1,25,1245145,1600,1600,4.005873029,,,,
1,25,1111809,720,960,1.401036193,,,,
1,25,2519906,960,1280,2.065459288,,,,
1,25,1956028,1200,1600,3.298143074,,,,
1,25,2215286,1050,1600,2.839304978,,,,
1,25,2033663,1200,1600,3.058362558,,,,
1,25,1517519,898,1600,2.43350189,,,,
1,25,3020157,1600,1200,3.082758481,,,,
1,25,991079,639,960,1.518207712,,,,
1,25,689807,576,720,0.936369968,,,,
1,25,441589,480,640,0.850319193,,,,
1,25,1469480,1065,1600,2.951696623,,,,
1,25,1052068,576,768,1.066120214,,,,
1,25,1901959,898,1600,2.554729945,,,,
1,25,1629932,619,1100,1.224607632,,,,
1,25,1828266,1068,1600,2.75811681,,,,
1,25,135021,351,309,0.91113206,,,,
1,25,1378276,1068,1600,2.805606452,,,,
1,25,3442989,960,1280,1.90760591,,,,
1,25,2746640,1065,1600,2.977397653,,,,
1,25,2706112,960,1280,2.085772244,,,,
1,25,2127391,1600,1200,3.08420371,,,,
1,25,2533995,960,1280,2.247536336,,,,
1,25,1092545,465,1600,1.690673288,,,,
1,25,1710539,1500,1295,3.061638874,,,,
1,25,299013,375,500,0.679970787,,,,
1,25,2782693,1298,1600,3.64362329,,,,
1,25,1766842,1200,1600,3.003109219,,,,
1,25,310825,375,500,0.673367845,,,,
1,25,939716,918,918,1.742151858,,,,
1,25,2821410,1200,1600,3.008164737,,,,
1,50,2974053,1600,1550,5.631908117,,,,
1,50,1282401,938,1250,2.411633745,,,,
1,50,1151338,720,960,1.53629922,,,,
1,50,2071394,1210,1600,3.527350375,,,,
1,50,558718,400,620,0.861884206,,,,
1,50,2884168,1530,1530,4.035469846,,,,
1,50,1993508,1143,1600,3.226428827,,,,
1,50,374013,333,500,0.977704607,,,,
1,50,221663,375,500,0.922976329,,,,
1,50,1352544,938,1250,2.238380635,,,,
1,50,1915446,1600,1068,3.123346324,,,,
1,50,1202040,639,960,1.439747286,,,,
1,50,1926564,1200,1600,3.506905336,,,,
1,50,826374,720,960,1.536779796,,,,
1,50,896736,686,960,1.488802396,,,,
1,50,2092639,1200,1600,3.569244148,,,,
1,50,1162591,938,1250,2.104188889,,,,
1,50,796277,726,960,1.822501026,,,,
1,50,1653536,1250,1228,2.857943419,,,,
1,50,2331418,1600,1200,3.266428307,,,,
1,50,633322,480,640,1.144340186,,,,
1,50,1554899,1595,1600,4.131913651,,,,
1,50,821168,480,640,1.106662983,,,,
1,50,2503272,1020,1600,3.080874135,,,,
1,50,2582799,1600,1280,3.399678983,,,,
1,50,1885600,1180,1600,3.495117397,,,,
1,50,349774,375,500,0.981463426,,,,
1,50,804148,642,960,1.466839314,,,,
1,50,2296687,1095,1600,3.1015034,,,,
1,50,1413641,1250,938,2.299741108,,,,
1,50,1847500,1200,1600,3.510037348,,,,
1,50,2402644,1200,1600,3.259150261,,,,
1,50,2144622,1600,1068,3.326567247,,,,
1,50,415601,420,640,0.831859502,,,,
1,50,383725,383,640,0.982688307,,,,
1,50,955547,960,960,1.997078263,,,,
1,50,1046140,576,768,1.272250792,,,,
1,50,1046484,576,768,1.232016826,,,,
1,50,1226595,960,719,1.770622696,,,,
1,50,497496,536,559,0.973695594,,,,
1,50,370409,279,640,0.786554067,,,,
1,50,3214460,1600,1200,3.468682816,,,,
1,50,2249694,1530,1530,4.006958575,,,,
1,50,1688157,1073,1600,3.192315329,,,,
1,50,906843,960,765,1.668092943,,,,
1,50,766240,480,640,1.108984504,,,,
1,50,2485823,800,1200,1.799616775,,,,
1,50,2470642,877,1240,2.262963834,,,,
1,50,1017275,548,822,1.275264371,,,,
1,50,721296,366,770,1.088901856,,,,
1,50,840644,845,960,1.6401172,,,,
1,50,1593233,903,1600,2.722651486,,,,
1,50,238233,429,640,1.041366554,,,,
1,50,922497,639,960,1.527862039,,,,
1,50,2388074,1600,1390,3.911785005,,,,
1,50,2165827,1200,1600,3.284429224,,,,
1,50,976410,720,960,1.743810586,,,,
1,50,861161,533,800,1.172143376,,,,
1,50,2053451,1600,1070,3.048672619,,,,
1,50,465161,480,640,1.107272534,,,,
1,50,872558,642,960,1.431132007,,,,
1,50,2414769,808,1600,2.481184725,,,,
1,50,2111250,1600,1068,2.94362541,,,,
1,50,2559360,960,1280,2.405337685,,,,
1,50,3118173,960,1280,2.424982017,,,,
1,50,2188564,960,1280,2.435779801,,,,
1,50,1426464,1600,1070,2.8857928,,,,
1,50,339513,387,462,0.967671668,,,,
1,50,2676486,1600,1065,3.002768793,,,,
1,50,1245145,1600,1600,4.334819175,,,,
1,50,1111809,720,960,1.608847101,,,,
1,50,2519906,960,1280,2.286860461,,,,
1,50,1956028,1200,1600,3.408485037,,,,
1,50,2215286,1050,1600,2.948365054,,,,
1,50,2033663,1200,1600,3.543215406,,,,
1,50,1517519,898,1600,2.62242838,,,,
1,50,3020157,1600,1200,3.443696074,,,,
1,50,991079,639,960,1.502427774,,,,
1,50,689807,576,720,1.214459408,,,,
1,50,441589,480,640,0.994512211,,,,
1,50,1469480,1065,1600,2.995973801,,,,
1,50,1052068,576,768,1.265405052,,,,
1,50,1901959,898,1600,2.646666744,,,,
1,50,1629932,619,1100,1.490469788,,,,
1,50,1828266,1068,1600,3.222793645,,,,
1,50,135021,351,309,0.616676366,,,,
1,50,1378276,1068,1600,3.211979059,,,,
1,50,3442989,960,1280,2.189595292,,,,
1,50,2746640,1065,1600,3.30590933,,,,
1,50,2706112,960,1280,2.22927189,,,,
1,50,2127391,1600,1200,3.437667665,,,,
1,50,2533995,960,1280,2.47308517,,,,
1,50,1092545,465,1600,1.584087866,,,,
1,50,1710539,1500,1295,3.528366761,,,,
1,50,299013,375,500,0.771739325,,,,
1,50,2782693,1298,1600,3.73147053,,,,
1,50,1766842,1200,1600,3.368596596,,,,
1,50,310825,375,500,0.974951895,,,,
1,50,939716,918,918,1.662378316,,,,
1,50,2821410,1200,1600,3.456884923,,,,
1,75,2974053,1600,1550,6.948467178,,,,
1,75,1282401,938,1250,2.67389132,,,,
1,75,1151338,720,960,1.997583243,,,,
1,75,2071394,1210,1600,4.166966199,,,,
1,75,558718,400,620,1.120751892,,,,
1,75,2884168,1530,1530,4.882854425,,,,
1,75,1993508,1143,1600,4.016034567,,,,
1,75,374013,333,500,1.104546335,,,,
1,75,221663,375,500,1.070358555,,,,
1,75,1352544,938,1250,2.819533794,,,,
1,75,1915446,1600,1068,3.84921224,,,,
1,75,1202040,639,960,1.7694161,,,,
1,75,1926564,1200,1600,4.174065936,,,,
1,75,826374,720,960,2.025408186,,,,
1,75,896736,686,960,1.902750459,,,,
1,75,2092639,1200,1600,4.044253563,,,,
1,75,1162591,938,1250,2.837973884,,,,
1,75,796277,726,960,1.892582168,,,,
1,75,1653536,1250,1228,3.424621119,,,,
1,75,2331418,1600,1200,4.253639923,,,,
1,75,633322,480,640,1.426352622,,,,
1,75,1554899,1595,1600,5.082940058,,,,
1,75,821168,480,640,1.311710835,,,,
1,75,2503272,1020,1600,3.629343908,,,,
1,75,2582799,1600,1280,4.337266544,,,,
1,75,1885600,1180,1600,4.143975073,,,,
1,75,349774,375,500,0.991050507,,,,
1,75,804148,642,960,1.880571253,,,,
1,75,2296687,1095,1600,3.858947051,,,,
1,75,1413641,1250,938,2.750364273,,,,
1,75,1847500,1200,1600,4.268265396,,,,
1,75,2402644,1200,1600,4.030532099,,,,
1,75,2144622,1600,1068,3.855041077,,,,
1,75,415601,420,640,1.132155317,,,,
1,75,383725,383,640,1.215444835,,,,
1,75,955547,960,960,2.307420319,,,,
1,75,1046140,576,768,1.535970767,,,,
1,75,1046484,576,768,1.59886889,,,,
1,75,1226595,960,719,1.947403426,,,,
1,75,497496,536,559,1.379880421,,,,
1,75,370409,279,640,0.973667338,,,,
1,75,3214460,1600,1200,4.181717435,,,,
1,75,2249694,1530,1530,4.912060068,,,,
1,75,1688157,1073,1600,3.879092806,,,,
1,75,906843,960,765,2.015244444,,,,
1,75,766240,480,640,1.260574805,,,,
1,75,2485823,800,1200,2.363902614,,,,
1,75,2470642,877,1240,2.61395594,,,,
1,75,1017275,548,822,1.492860606,,,,
1,75,721296,366,770,1.330731879,,,,
1,75,840644,845,960,2.051647764,,,,
1,75,1593233,903,1600,3.362312414,,,,
1,75,238233,429,640,1.288454631,,,,
1,75,922497,639,960,1.773394657,,,,
1,75,2388074,1600,1390,4.7845806,,,,
1,75,2165827,1200,1600,4.056192963,,,,
1,75,976410,720,960,2.022744718,,,,
1,75,861161,533,800,1.42615154,,,,
1,75,2053451,1600,1070,3.741681127,,,,
1,75,465161,480,640,1.214082321,,,,
1,75,872558,642,960,1.856415986,,,,
1,75,2414769,808,1600,2.967656269,,,,
1,75,2111250,1600,1068,3.728644743,,,,
1,75,2559360,960,1280,2.906307711,,,,
1,75,3118173,960,1280,2.909993733,,,,
1,75,2188564,960,1280,2.860639982,,,,
1,75,1426464,1600,1070,3.623537306,,,,
1,75,339513,387,462,1.095240831,,,,
1,75,2676486,1600,1065,3.687182092,,,,
1,75,1245145,1600,1600,5.083140585,,,,
1,75,1111809,720,960,1.861999275,,,,
1,75,2519906,960,1280,2.942188257,,,,
1,75,1956028,1200,1600,4.101751101,,,,
1,75,2215286,1050,1600,3.7035658,,,,
1,75,2033663,1200,1600,4.166240927,,,,
1,75,1517519,898,1600,3.280976943,,,,
1,75,3020157,1600,1200,4.073823306,,,,
1,75,991079,639,960,1.836194842,,,,
1,75,689807,576,720,1.3933758,,,,
1,75,441589,480,640,1.24804703,,,,
1,75,1469480,1065,1600,3.683571774,,,,
1,75,1052068,576,768,1.570909819,,,,
1,75,1901959,898,1600,3.182389505,,,,
1,75,1629932,619,1100,1.956303742,,,,
1,75,1828266,1068,1600,3.738944468,,,,
1,75,135021,351,309,0.909250421,,,,
1,75,1378276,1068,1600,3.674372095,,,,
1,75,3442989,960,1280,3.00274928,,,,
1,75,2746640,1065,1600,3.686450846,,,,
1,75,2706112,960,1280,2.946352693,,,,
1,75,2127391,1600,1200,4.106684692,,,,
1,75,2533995,960,1280,2.921129446,,,,
1,75,1092545,465,1600,2.135234507,,,,
1,75,1710539,1500,1295,4.156351826,,,,
1,75,299013,375,500,1.063295999,,,,
1,75,2782693,1298,1600,4.545385746,,,,
1,75,1766842,1200,1600,4.02671756,,,,
1,75,310825,375,500,1.137301934,,,,
1,75,939716,918,918,2.155956304,,,,
1,75,2821410,1200,1600,4.07229772,,,,
2,0,2974053,1600,1550,3.554315796,,,,
2,0,1282401,938,1250,1.31050468,,,,
2,0,1151338,720,960,0.892470461,,,,
2,0,2071394,1210,1600,2.045725714,,,,
2,0,558718,400,620,0.469049562,,,,
2,0,2884168,1530,1530,2.452450051,,,,
2,0,1993508,1143,1600,2.035111381,,,,
2,0,374013,333,500,0.391002839,,,,
2,0,221663,375,500,0.411562772,,,,
2,0,1352544,938,1250,1.405831789,,,,
2,0,1915446,1600,1068,1.812831949,,,,
2,0,1202040,639,960,0.801285213,,,,
2,0,1926564,1200,1600,2.147493252,,,,
2,0,826374,720,960,0.8788673,,,,
2,0,896736,686,960,0.884627169,,,,
2,0,2092639,1200,1600,2.000133258,,,,
2,0,1162591,938,1250,1.324510681,,,,
2,0,796277,726,960,0.881570298,,,,
2,0,1653536,1250,1228,1.7043836,,,,
2,0,2331418,1600,1200,2.159089639,,,,
2,0,633322,480,640,0.512036902,,,,
2,0,1554899,1595,1600,2.559352801,,,,
2,0,821168,480,640,0.600228292,,,,
2,0,2503272,1020,1600,1.80959881,,,,
2,0,2582799,1600,1280,2.213189123,,,,
2,0,1885600,1180,1600,2.036849085,,,,
2,0,349774,375,500,0.407605919,,,,
2,0,804148,642,960,0.812572449,,,,
2,0,2296687,1095,1600,1.910308572,,,,
2,0,1413641,1250,938,1.350318875,,,,
2,0,1847500,1200,1600,2.043361864,,,,
2,0,2402644,1200,1600,2.038964536,,,,
2,0,2144622,1600,1068,1.917413846,,,,
2,0,415601,420,640,0.481657753,,,,
2,0,383725,383,640,0.451730719,,,,
2,0,955547,960,960,1.0929943,,,,
2,0,1046140,576,768,0.732931679,,,,
2,0,1046484,576,768,0.647401477,,,,
2,0,1226595,960,719,0.898997866,,,,
2,0,497496,536,559,0.505387539,,,,
2,0,370409,279,640,0.392475867,,,,
2,0,3214460,1600,1200,2.050796249,,,,
2,0,2249694,1530,1530,2.549228923,,,,
2,0,1688157,1073,1600,1.865620288,,,,
2,0,906843,960,765,0.908067514,,,,
2,0,766240,480,640,0.510763655,,,,
2,0,2485823,800,1200,1.10677249,,,,
2,0,2470642,877,1240,1.234477197,,,,
2,0,1017275,548,822,0.652690463,,,,
2,0,721296,366,770,0.484461053,,,,
2,0,840644,845,960,1.001018711,,,,
2,0,1593233,903,1600,1.687195579,,,,
2,0,238233,429,640,0.468137651,,,,
2,0,922497,639,960,0.796981664,,,,
2,0,2388074,1600,1390,2.365827028,,,,
2,0,2165827,1200,1600,2.024687053,,,,
2,0,976410,720,960,0.886790473,,,,
2,0,861161,533,800,0.607007842,,,,
2,0,2053451,1600,1070,1.81426913,,,,
2,0,465161,480,640,0.505445775,,,,
2,0,872558,642,960,0.817690585,,,,
2,0,2414769,808,1600,1.440225085,,,,
2,0,2111250,1600,1068,1.829862141,,,,
2,0,2559360,960,1280,1.365424962,,,,
2,0,3118173,960,1280,1.408623909,,,,
2,0,2188564,960,1280,1.403064428,,,,
2,0,1426464,1600,1070,1.828525279,,,,
2,0,339513,387,462,0.391152035,,,,
2,0,2676486,1600,1065,1.831640738,,,,
2,0,1245145,1600,1600,2.565273003,,,,
2,0,1111809,720,960,0.873555955,,,,
2,0,2519906,960,1280,1.371082625,,,,
2,0,1956028,1200,1600,2.05526646,,,,
2,0,2215286,1050,1600,1.804195917,,,,
2,0,2033663,1200,1600,2.061775376,,,,
2,0,1517519,898,1600,1.540397939,,,,
2,0,3020157,1600,1200,2.058394391,,,,
2,0,991079,639,960,0.806322484,,,,
2,0,689807,576,720,0.612172794,,,,
2,0,441589,480,640,0.494854945,,,,
2,0,1469480,1065,1600,1.798937561,,,,
2,0,1052068,576,768,0.628947817,,,,
2,0,1901959,898,1600,1.620489355,,,,
2,0,1629932,619,1100,0.823228386,,,,
2,0,1828266,1068,1600,1.867351254,,,,
2,0,135021,351,309,0.332790375,,,,
2,0,1378276,1068,1600,1.81154429,,,,
2,0,3442989,960,1280,1.414534704,,,,
2,0,2746640,1065,1600,1.937577069,,,,
2,0,2706112,960,1280,1.37328904,,,,
2,0,2127391,1600,1200,2.103690824,,,,
2,0,2533995,960,1280,1.398213662,,,,
2,0,1092545,465,1600,0.928272336,,,,
2,0,1710539,1500,1295,2.058002302,,,,
2,0,299013,375,500,0.402599389,,,,
2,0,2782693,1298,1600,2.291686516,,,,
2,0,1766842,1200,1600,2.020433786,,,,
2,0,310825,375,500,0.410269451,,,,
2,0,939716,918,918,0.986802083,,,,
2,0,2821410,1200,1600,2.041363829,,,,
2,25,2974053,1600,1550,3.9378122,,,,
2,25,1282401,938,1250,1.632515162,,,,
2,25,1151338,720,960,1.08491398,,,,
2,25,2071394,1210,1600,2.264237965,,,,
2,25,558718,400,620,0.493543279,,,,
2,25,2884168,1530,1530,2.768980696,,,,
2,25,1993508,1143,1600,2.249304848,,,,
2,25,374013,333,500,0.42896364,,,,
2,25,221663,375,500,0.425132224,,,,
2,25,1352544,938,1250,1.540356838,,,,
2,25,1915446,1600,1068,2.013827074,,,,
2,25,1202040,639,960,0.861619086,,,,
2,25,1926564,1200,1600,2.237543545,,,,
2,25,826374,720,960,0.989279439,,,,
2,25,896736,686,960,0.905702397,,,,
2,25,2092639,1200,1600,2.207563068,,,,
2,25,1162591,938,1250,1.459833166,,,,
2,25,796277,726,960,0.957533814,,,,
2,25,1653536,1250,1228,1.857815062,,,,
2,25,2331418,1600,1200,2.290381971,,,,
2,25,633322,480,640,0.557544185,,,,
2,25,1554899,1595,1600,3.016548396,,,,
2,25,821168,480,640,0.560594035,,,,
2,25,2503272,1020,1600,1.908678427,,,,
2,25,2582799,1600,1280,2.457525301,,,,
2,25,1885600,1180,1600,2.254076648,,,,
2,25,349774,375,500,0.415947976,,,,
2,25,804148,642,960,0.839961771,,,,
2,25,2296687,1095,1600,2.157398209,,,,
2,25,1413641,1250,938,1.442448345,,,,
2,25,1847500,1200,1600,2.343956641,,,,
2,25,2402644,1200,1600,2.418754327,,,,
2,25,2144622,1600,1068,2.125437887,,,,
2,25,415601,420,640,0.662276336,,,,
2,25,383725,383,640,0.607680483,,,,
2,25,955547,960,960,1.27951646,,,,
2,25,1046140,576,768,0.7669171,,,,
2,25,1046484,576,768,0.84645577,,,,
2,25,1226595,960,719,1.007685545,,,,
2,25,497496,536,559,0.636196395,,,,
2,25,370409,279,640,0.408279173,,,,
2,25,3214460,1600,1200,2.266878102,,,,
2,25,2249694,1530,1530,2.889471372,,,,
2,25,1688157,1073,1600,2.104110703,,,,
2,25,906843,960,765,1.155017967,,,,
2,25,766240,480,640,0.598927434,,,,
2,25,2485823,800,1200,1.305624093,,,,
2,25,2470642,877,1240,1.356326328,,,,
2,25,1017275,548,822,0.683795389,,,,
2,25,721296,366,770,0.533947646,,,,
2,25,840644,845,960,1.160252608,,,,
2,25,1593233,903,1600,1.856246784,,,,
2,25,238233,429,640,0.606761836,,,,
2,25,922497,639,960,0.961949794,,,,
2,25,2388074,1600,1390,2.66056758,,,,
2,25,2165827,1200,1600,2.259550043,,,,
2,25,976410,720,960,1.1209003,,,,
2,25,861161,533,800,0.67072774,,,,
2,25,2053451,1600,1070,2.163323184,,,,
2,25,465161,480,640,0.702294794,,,,
2,25,872558,642,960,0.936590139,,,,
2,25,2414769,808,1600,1.595577537,,,,
2,25,2111250,1600,1068,2.106786607,,,,
2,25,2559360,960,1280,1.743570968,,,,
2,25,3118173,960,1280,1.543065964,,,,
2,25,2188564,960,1280,1.580840538,,,,
2,25,1426464,1600,1070,2.029870026,,,,
2,25,339513,387,462,0.495887049,,,,
2,25,2676486,1600,1065,2.119543319,,,,
2,25,1245145,1600,1600,2.94074414,,,,
2,25,1111809,720,960,1.012081654,,,,
2,25,2519906,960,1280,1.739236171,,,,
2,25,1956028,1200,1600,2.239077567,,,,
2,25,2215286,1050,1600,2.099681192,,,,
2,25,2033663,1200,1600,2.287565415,,,,
2,25,1517519,898,1600,1.849620105,,,,
2,25,3020157,1600,1200,2.402794313,,,,
2,25,991079,639,960,1.042277804,,,,
2,25,689807,576,720,0.678139033,,,,
2,25,441589,480,640,0.670730174,,,,
2,25,1469480,1065,1600,2.115455292,,,,
2,25,1052068,576,768,0.71960234,,,,
2,25,1901959,898,1600,1.854144511,,,,
2,25,1629932,619,1100,0.939914411,,,,
2,25,1828266,1068,1600,2.066192708,,,,
2,25,135021,351,309,0.465541483,,,,
2,25,1378276,1068,1600,1.96907422,,,,
2,25,3442989,960,1280,1.627518935,,,,
2,25,2746640,1065,1600,2.041820071,,,,
2,25,2706112,960,1280,1.699878282,,,,
2,25,2127391,1600,1200,2.458605148,,,,
2,25,2533995,960,1280,1.718989979,,,,
2,25,1092545,465,1600,0.99641323,,,,
2,25,1710539,1500,1295,2.467185987,,,,
2,25,299013,375,500,0.455467276,,,,
2,25,2782693,1298,1600,2.670401481,,,,
2,25,1766842,1200,1600,2.195795928,,,,
2,25,310825,375,500,0.410142734,,,,
2,25,939716,918,918,1.189508359,,,,
2,25,2821410,1200,1600,2.352939652,,,,
2,50,2974053,1600,1550,3.671085514,,,,
2,50,1282401,938,1250,1.646134951,,,,
2,50,1151338,720,960,1.060170609,,,,
2,50,2071394,1210,1600,2.305265864,,,,
2,50,558718,400,620,0.653955832,,,,
2,50,2884168,1530,1530,2.801428816,,,,
2,50,1993508,1143,1600,2.270816251,,,,
2,50,374013,333,500,0.590684272,,,,
2,50,221663,375,500,0.518789614,,,,
2,50,1352544,938,1250,1.455578359,,,,
2,50,1915446,1600,1068,1.902261604,,,,
2,50,1202040,639,960,0.884616282,,,,
2,50,1926564,1200,1600,2.149448238,,,,
2,50,826374,720,960,0.896460869,,,,
2,50,896736,686,960,0.979002522,,,,
2,50,2092639,1200,1600,2.139254047,,,,
2,50,1162591,938,1250,1.405265138,,,,
2,50,796277,726,960,0.905327835,,,,
2,50,1653536,1250,1228,1.904795006,,,,
2,50,2331418,1600,1200,2.430785722,,,,
2,50,633322,480,640,0.769516524,,,,
2,50,1554899,1595,1600,2.910556482,,,,
2,50,821168,480,640,0.767779704,,,,
2,50,2503272,1020,1600,2.035692423,,,,
2,50,2582799,1600,1280,2.554345574,,,,
2,50,1885600,1180,1600,2.377428455,,,,
2,50,349774,375,500,0.628800443,,,,
2,50,804148,642,960,0.991123803,,,,
2,50,2296687,1095,1600,2.14532893,,,,
2,50,1413641,1250,938,1.636727096,,,,
2,50,1847500,1200,1600,2.318854826,,,,
2,50,2402644,1200,1600,2.273888417,,,,
2,50,2144622,1600,1068,2.116382003,,,,
2,50,415601,420,640,0.680342917,,,,
2,50,383725,383,640,0.640799227,,,,
2,50,955547,960,960,1.225661326,,,,
2,50,1046140,576,768,0.860045262,,,,
2,50,1046484,576,768,0.810925389,,,,
2,50,1226595,960,719,1.174254112,,,,
2,50,497496,536,559,0.747796786,,,,
2,50,370409,279,640,0.487458982,,,,
2,50,3214460,1600,1200,2.278972,,,,
2,50,2249694,1530,1530,2.709315905,,,,
2,50,1688157,1073,1600,2.029827758,,,,
2,50,906843,960,765,1.199341194,,,,
2,50,766240,480,640,0.693656548,,,,
2,50,2485823,800,1200,1.351614297,,,,
2,50,2470642,877,1240,1.399491188,,,,
2,50,1017275,548,822,0.891049001,,,,
2,50,721296,366,770,0.587280786,,,,
2,50,840644,845,960,1.052431421,,,,
2,50,1593233,903,1600,1.885633312,,,,
2,50,238233,429,640,0.491832607,,,,
2,50,922497,639,960,0.806011438,,,,
2,50,2388074,1600,1390,2.485806313,,,,
2,50,2165827,1200,1600,2.173662689,,,,
2,50,976410,720,960,0.923249813,,,,
2,50,861161,533,800,0.880649481,,,,
2,50,2053451,1600,1070,2.077930478,,,,
2,50,465161,480,640,0.72680739,,,,
2,50,872558,642,960,1.050587687,,,,
2,50,2414769,808,1600,1.483307889,,,,
2,50,2111250,1600,1068,1.972317856,,,,
2,50,2559360,960,1280,1.73920199,,,,
2,50,3118173,960,1280,1.427513494,,,,
2,50,2188564,960,1280,1.667378873,,,,
2,50,1426464,1600,1070,1.940227524,,,,
2,50,339513,387,462,0.624222476,,,,
2,50,2676486,1600,1065,2.037913795,,,,
2,50,1245145,1600,1600,2.733632717,,,,
2,50,1111809,720,960,0.97147421,,,,
2,50,2519906,960,1280,1.591469178,,,,
2,50,1956028,1200,1600,2.316075546,,,,
2,50,2215286,1050,1600,2.104298342,,,,
2,50,2033663,1200,1600,2.236731701,,,,
2,50,1517519,898,1600,1.736097113,,,,
2,50,3020157,1600,1200,2.289961217,,,,
2,50,991079,639,960,0.963184868,,,,
2,50,689807,576,720,0.828407305,,,,
2,50,441589,480,640,0.582206146,,,,
2,50,1469480,1065,1600,2.084755335,,,,
2,50,1052068,576,768,0.849582524,,,,
2,50,1901959,898,1600,1.825581372,,,,
2,50,1629932,619,1100,1.067523819,,,,
2,50,1828266,1068,1600,2.063014026,,,,
2,50,135021,351,309,0.336766431,,,,
2,50,1378276,1068,1600,1.894504699,,,,
2,50,3442989,960,1280,1.567230262,,,,
2,50,2746640,1065,1600,1.887422983,,,,
2,50,2706112,960,1280,1.400721912,,,,
2,50,2127391,1600,1200,2.086327111,,,,
2,50,2533995,960,1280,1.641471098,,,,
2,50,1092545,465,1600,1.173466196,,,,
2,50,1710539,1500,1295,2.349707571,,,,
2,50,299013,375,500,0.615493308,,,,
2,50,2782693,1298,1600,2.573410384,,,,
2,50,1766842,1200,1600,2.049618327,,,,
2,50,310825,375,500,0.632766739,,,,
2,50,939716,918,918,1.148254415,,,,
2,50,2821410,1200,1600,2.143441608,,,,
2,75,2974053,1600,1550,3.874095799,,,,
2,75,1282401,938,1250,1.517528627,,,,
2,75,1151338,720,960,1.04055964,,,,
2,75,2071394,1210,1600,2.339561988,,,,
2,75,558718,400,620,0.639589506,,,,
2,75,2884168,1530,1530,2.757032473,,,,
2,75,1993508,1143,1600,2.267629383,,,,
2,75,374013,333,500,0.704171035,,,,
2,75,221663,375,500,0.686883365,,,,
2,75,1352544,938,1250,1.649362445,,,,
2,75,1915446,1600,1068,1.928701909,,,,
2,75,1202040,639,960,1.130862042,,,,
2,75,1926564,1200,1600,2.336687496,,,,
2,75,826374,720,960,1.05908805,,,,
2,75,896736,686,960,1.070479212,,,,
2,75,2092639,1200,1600,2.277088282,,,,
2,75,1162591,938,1250,1.555587204,,,,
2,75,796277,726,960,1.075125504,,,,
2,75,1653536,1250,1228,1.943785087,,,,
2,75,2331418,1600,1200,2.407758779,,,,
2,75,633322,480,640,0.676092762,,,,
2,75,1554899,1595,1600,2.896832283,,,,
2,75,821168,480,640,0.895855722,,,,
2,75,2503272,1020,1600,2.032978014,,,,
2,75,2582799,1600,1280,2.413597562,,,,
2,75,1885600,1180,1600,2.322353739,,,,
2,75,349774,375,500,0.634943191,,,,
2,75,804148,642,960,0.910267962,,,,
2,75,2296687,1095,1600,2.154492461,,,,
2,75,1413641,1250,938,1.554713474,,,,
2,75,1847500,1200,1600,2.311163018,,,,
2,75,2402644,1200,1600,2.375033309,,,,
2,75,2144622,1600,1068,2.135552078,,,,
2,75,415601,420,640,0.6587309,,,,
2,75,383725,383,640,0.696502519,,,,
2,75,955547,960,960,1.355716636,,,,
2,75,1046140,576,768,0.869195997,,,,
2,75,1046484,576,768,0.870116529,,,,
2,75,1226595,960,719,1.151241512,,,,
2,75,497496,536,559,0.72999645,,,,
2,75,370409,279,640,0.596605125,,,,
2,75,3214460,1600,1200,2.292684402,,,,
2,75,2249694,1530,1530,2.596592081,,,,
2,75,1688157,1073,1600,2.153742664,,,,
2,75,906843,960,765,0.979439264,,,,
2,75,766240,480,640,0.761884121,,,,
2,75,2485823,800,1200,1.29216186,,,,
2,75,2470642,877,1240,1.462007442,,,,
2,75,1017275,548,822,0.810698137,,,,
2,75,721296,366,770,0.699190053,,,,
2,75,840644,845,960,1.078575918,,,,
2,75,1593233,903,1600,1.901199303,,,,
2,75,238233,429,640,0.671721328,,,,
2,75,922497,639,960,0.890695547,,,,
2,75,2388074,1600,1390,2.580360757,,,,
2,75,2165827,1200,1600,2.298843996,,,,
2,75,976410,720,960,1.053482035,,,,
2,75,861161,533,800,0.77782662,,,,
2,75,2053451,1600,1070,2.210426146,,,,
2,75,465161,480,640,0.736556589,,,,
2,75,872558,642,960,1.043051254,,,,
2,75,2414769,808,1600,1.697822765,,,,
2,75,2111250,1600,1068,2.143283218,,,,
2,75,2559360,960,1280,1.642078658,,,,
2,75,3118173,960,1280,1.688455724,,,,
2,75,2188564,960,1280,1.640819177,,,,
2,75,1426464,1600,1070,2.076674046,,,,
2,75,339513,387,462,0.61101477,,,,
2,75,2676486,1600,1065,2.131286872,,,,
2,75,1245145,1600,1600,2.861189209,,,,
2,75,1111809,720,960,1.100918273,,,,
2,75,2519906,960,1280,1.62442864,,,,
2,75,1956028,1200,1600,2.300374115,,,,
2,75,2215286,1050,1600,2.131656801,,,,
2,75,2033663,1200,1600,2.26076883,,,,
2,75,1517519,898,1600,1.763056692,,,,
2,75,3020157,1600,1200,2.327541022,,,,
2,75,991079,639,960,1.032894126,,,,
2,75,689807,576,720,0.884130675,,,,
2,75,441589,480,640,0.713832481,,,,
2,75,1469480,1065,1600,2.163702841,,,,
2,75,1052068,576,768,0.844838775,,,,
2,75,1901959,898,1600,1.823654244,,,,
2,75,1629932,619,1100,1.067128495,,,,
2,75,1828266,1068,1600,2.091860649,,,,
2,75,135021,351,309,0.508372956,,,,
2,75,1378276,1068,1600,2.024845846,,,,
2,75,3442989,960,1280,1.636482407,,,,
2,75,2746640,1065,1600,2.11566516,,,,
2,75,2706112,960,1280,1.681874748,,,,
2,75,2127391,1600,1200,2.292733078,,,,
2,75,2533995,960,1280,1.524669311,,,,
2,75,1092545,465,1600,1.133668261,,,,
2,75,1710539,1500,1295,2.316759188,,,,
2,75,299013,375,500,0.552683631,,,,
2,75,2782693,1298,1600,2.781465996,,,,
2,75,1766842,1200,1600,2.244745596,,,,
2,75,310825,375,500,0.581364105,,,,
2,75,939716,918,918,1.230328709,,,,
2,75,2821410,1200,1600,2.173950566,,,,
3,0,2974053,1600,1550,3.627585429,,,,
3,0,1282401,938,1250,1.290274567,,,,
3,0,1151338,720,960,0.855187696,,,,
3,0,2071394,1210,1600,2.068451167,,,,
3,0,558718,400,620,0.386775338,,,,
3,0,2884168,1530,1530,2.489364115,,,,
3,0,1993508,1143,1600,2.001846825,,,,
3,0,374013,333,500,0.302102938,,,,
3,0,221663,375,500,0.330020376,,,,
3,0,1352544,938,1250,1.316794588,,,,
3,0,1915446,1600,1068,1.832907452,,,,
3,0,1202040,639,960,0.74893157,,,,
3,0,1926564,1200,1600,2.06760412,,,,
3,0,826374,720,960,0.820545208,,,,
3,0,896736,686,960,0.802290488,,,,
3,0,2092639,1200,1600,2.013604439,,,,
3,0,1162591,938,1250,1.288829596,,,,
3,0,796277,726,960,0.816250347,,,,
3,0,1653536,1250,1228,1.718871807,,,,
3,0,2331418,1600,1200,2.114183746,,,,
3,0,633322,480,640,0.443589716,,,,
3,0,1554899,1595,1600,2.631014546,,,,
3,0,821168,480,640,0.45042688,,,,
3,0,2503272,1020,1600,1.730896663,,,,
3,0,2582799,1600,1280,2.138057027,,,,
3,0,1885600,1180,1600,2.11402576,,,,
3,0,349774,375,500,0.329742726,,,,
3,0,804148,642,960,0.769768757,,,,
3,0,2296687,1095,1600,1.920588095,,,,
3,0,1413641,1250,938,1.356585683,,,,
3,0,1847500,1200,1600,2.099999479,,,,
3,0,2402644,1200,1600,2.066562878,,,,
3,0,2144622,1600,1068,1.881095092,,,,
3,0,415601,420,640,0.402123684,,,,
3,0,383725,383,640,0.37252224,,,,
3,0,955547,960,960,1.059256898,,,,
3,0,1046140,576,768,0.587346265,,,,
3,0,1046484,576,768,0.569677327,,,,
3,0,1226595,960,719,0.826187893,,,,
3,0,497496,536,559,0.422024723,,,,
3,0,370409,279,640,0.309358795,,,,
3,0,3214460,1600,1200,2.05911528,,,,
3,0,2249694,1530,1530,2.541932699,,,,
3,0,1688157,1073,1600,1.86620657,,,,
3,0,906843,960,765,0.852961935,,,,
3,0,766240,480,640,0.445657907,,,,
3,0,2485823,800,1200,1.073148252,,,,
3,0,2470642,877,1240,1.184478405,,,,
3,0,1017275,548,822,0.587410388,,,,
3,0,721296,366,770,0.407395316,,,,
3,0,840644,845,960,0.980741051,,,,
3,0,1593233,903,1600,1.602900995,,,,
3,0,238233,429,640,0.411211423,,,,
3,0,922497,639,960,0.789993445,,,,
3,0,2388074,1600,1390,2.400496915,,,,
3,0,2165827,1200,1600,2.078193199,,,,
3,0,976410,720,960,0.815617179,,,,
3,0,861161,533,800,0.589249416,,,,
3,0,2053451,1600,1070,1.847733722,,,,
3,0,465161,480,640,0.429351158,,,,
3,0,872558,642,960,0.74098594,,,,
3,0,2414769,808,1600,1.418144633,,,,
3,0,2111250,1600,1068,1.832539137,,,,
3,0,2559360,960,1280,1.341502703,,,,
3,0,3118173,960,1280,1.341491952,,,,
3,0,2188564,960,1280,1.377727064,,,,
3,0,1426464,1600,1070,1.809034827,,,,
3,0,339513,387,462,0.315935553,,,,
3,0,2676486,1600,1065,1.840635435,,,,
3,0,1245145,1600,1600,2.572769029,,,,
3,0,1111809,720,960,0.823809466,,,,
3,0,2519906,960,1280,1.341964859,,,,
3,0,1956028,1200,1600,2.120540287,,,,
3,0,2215286,1050,1600,1.861103723,,,,
3,0,2033663,1200,1600,2.087434951,,,,
3,0,1517519,898,1600,1.57561391,,,,
3,0,3020157,1600,1200,2.134136069,,,,
3,0,991079,639,960,0.780133434,,,,
3,0,689807,576,720,0.573707747,,,,
3,0,441589,480,640,0.467299322,,,,
3,0,1469480,1065,1600,1.837143683,,,,
3,0,1052068,576,768,0.564908389,,,,
3,0,1901959,898,1600,1.580828738,,,,
3,0,1629932,619,1100,0.796471292,,,,
3,0,1828266,1068,1600,1.818556804,,,,
3,0,135021,351,309,0.248127123,,,,
3,0,1378276,1068,1600,1.805381985,,,,
3,0,3442989,960,1280,1.350264966,,,,
3,0,2746640,1065,1600,1.854291001,,,,
3,0,2706112,960,1280,1.298833982,,,,
3,0,2127391,1600,1200,2.081615127,,,,
3,0,2533995,960,1280,1.374500437,,,,
3,0,1092545,465,1600,0.894026167,,,,
3,0,1710539,1500,1295,2.04870527,,,,
3,0,299013,375,500,0.318466708,,,,
3,0,2782693,1298,1600,2.251767516,,,,
3,0,1766842,1200,1600,1.93822304,,,,
3,0,310825,375,500,0.321910508,,,,
3,0,939716,918,918,0.970379899,,,,
3,0,2821410,1200,1600,2.126321608,,,,
3,25,2974053,1600,1550,3.791753317,,,,
3,25,1282401,938,1250,1.353416522,,,,
3,25,1151338,720,960,0.938358238,,,,
3,25,2071394,1210,1600,2.102401622,,,,
3,25,558718,400,620,0.462391611,,,,
3,25,2884168,1530,1530,2.523037041,,,,
3,25,1993508,1143,1600,2.135932159,,,,
3,25,374013,333,500,0.306307951,,,,
3,25,221663,375,500,0.411371377,,,,
3,25,1352544,938,1250,1.392081877,,,,
3,25,1915446,1600,1068,1.897942308,,,,
3,25,1202040,639,960,0.840962129,,,,
3,25,1926564,1200,1600,2.147271109,,,,
3,25,826374,720,960,0.966829849,,,,
3,25,896736,686,960,0.863762125,,,,
3,25,2092639,1200,1600,2.136122644,,,,
3,25,1162591,938,1250,1.428399301,,,,
3,25,796277,726,960,0.926103921,,,,
3,25,1653536,1250,1228,1.746965029,,,,
3,25,2331418,1600,1200,2.228920849,,,,
3,25,633322,480,640,0.54991041,,,,
3,25,1554899,1595,1600,2.851089293,,,,
3,25,821168,480,640,0.452179022,,,,
3,25,2503272,1020,1600,1.96262489,,,,
3,25,2582799,1600,1280,2.308327923,,,,
3,25,1885600,1180,1600,2.166996433,,,,
3,25,349774,375,500,0.375531026,,,,
3,25,804148,642,960,0.804672626,,,,
3,25,2296687,1095,1600,2.006193224,,,,
3,25,1413641,1250,938,1.446952204,,,,
3,25,1847500,1200,1600,2.198361776,,,,
3,25,2402644,1200,1600,2.156639469,,,,
3,25,2144622,1600,1068,1.987973743,,,,
3,25,415601,420,640,0.444072064,,,,
3,25,383725,383,640,0.400401472,,,,
3,25,955547,960,960,1.13151703,,,,
3,25,1046140,576,768,0.6618787,,,,
3,25,1046484,576,768,0.62684137,,,,
3,25,1226595,960,719,0.88104686,,,,
3,25,497496,536,559,0.607250384,,,,
3,25,370409,279,640,0.385323291,,,,
3,25,3214460,1600,1200,2.301710031,,,,
3,25,2249694,1530,1530,2.664720974,,,,
3,25,1688157,1073,1600,2.037166263,,,,
3,25,906843,960,765,0.990196638,,,,
3,25,766240,480,640,0.521853759,,,,
3,25,2485823,800,1200,1.207468165,,,,
3,25,2470642,877,1240,1.350271841,,,,
3,25,1017275,548,822,0.724926408,,,,
3,25,721296,366,770,0.489514881,,,,
3,25,840644,845,960,1.049469705,,,,
3,25,1593233,903,1600,1.723984837,,,,
3,25,238233,429,640,0.398873045,,,,
3,25,922497,639,960,0.848606471,,,,
3,25,2388074,1600,1390,2.566901755,,,,
3,25,2165827,1200,1600,2.124134234,,,,
3,25,976410,720,960,0.925007679,,,,
3,25,861161,533,800,0.638566093,,,,
3,25,2053451,1600,1070,2.051334149,,,,
3,25,465161,480,640,0.515486681,,,,
3,25,872558,642,960,0.834702641,,,,
3,25,2414769,808,1600,1.537743805,,,,
3,25,2111250,1600,1068,1.948112515,,,,
3,25,2559360,960,1280,1.451084402,,,,
3,25,3118173,960,1280,1.474773972,,,,
3,25,2188564,960,1280,1.560914855,,,,
3,25,1426464,1600,1070,1.929524766,,,,
3,25,339513,387,462,0.419425266,,,,
3,25,2676486,1600,1065,1.960348301,,,,
3,25,1245145,1600,1600,2.781116059,,,,
3,25,1111809,720,960,0.874962532,,,,
3,25,2519906,960,1280,1.447651019,,,,
3,25,1956028,1200,1600,2.22872569,,,,
3,25,2215286,1050,1600,2.050346674,,,,
3,25,2033663,1200,1600,2.260682655,,,,
3,25,1517519,898,1600,1.653635153,,,,
3,25,3020157,1600,1200,2.18753387,,,,
3,25,991079,639,960,0.86315882,,,,
3,25,689807,576,720,0.622404262,,,,
3,25,441589,480,640,0.54781189,,,,
3,25,1469480,1065,1600,1.900890309,,,,
3,25,1052068,576,768,0.71726567,,,,
3,25,1901959,898,1600,1.668440398,,,,
3,25,1629932,619,1100,0.87085852,,,,
3,25,1828266,1068,1600,1.907650196,,,,
3,25,135021,351,309,0.244455265,,,,
3,25,1378276,1068,1600,2.001106062,,,,
3,25,3442989,960,1280,1.505223881,,,,
3,25,2746640,1065,1600,1.948277833,,,,
3,25,2706112,960,1280,1.468745624,,,,
3,25,2127391,1600,1200,2.108599755,,,,
3,25,2533995,960,1280,1.530606115,,,,
3,25,1092545,465,1600,0.999642429,,,,
3,25,1710539,1500,1295,2.130208428,,,,
3,25,299013,375,500,0.364011938,,,,
3,25,2782693,1298,1600,2.407927092,,,,
3,25,1766842,1200,1600,2.164008822,,,,
3,25,310825,375,500,0.42967229,,,,
3,25,939716,918,918,1.006312116,,,,
3,25,2821410,1200,1600,2.089622698,,,,
3,50,2974053,1600,1550,3.852299922,,,,
3,50,1282401,938,1250,1.4645813,,,,
3,50,1151338,720,960,0.957268055,,,,
3,50,2071394,1210,1600,2.232478712,,,,
3,50,558718,400,620,0.495588896,,,,
3,50,2884168,1530,1530,2.624021463,,,,
3,50,1993508,1143,1600,2.135509035,,,,
3,50,374013,333,500,0.391827502,,,,
3,50,221663,375,500,0.447553159,,,,
3,50,1352544,938,1250,1.477093016,,,,
3,50,1915446,1600,1068,1.970234575,,,,
3,50,1202040,639,960,0.945145091,,,,
3,50,1926564,1200,1600,2.252843046,,,,
3,50,826374,720,960,0.945056303,,,,
3,50,896736,686,960,0.956794609,,,,
3,50,2092639,1200,1600,2.147085377,,,,
3,50,1162591,938,1250,1.425896092,,,,
3,50,796277,726,960,0.954922959,,,,
3,50,1653536,1250,1228,1.812802504,,,,
3,50,2331418,1600,1200,2.266969261,,,,
3,50,633322,480,640,0.562109028,,,,
3,50,1554899,1595,1600,2.851276602,,,,
3,50,821168,480,640,0.61211731,,,,
3,50,2503272,1020,1600,1.952510856,,,,
3,50,2582799,1600,1280,2.328013793,,,,
3,50,1885600,1180,1600,2.263958286,,,,
3,50,349774,375,500,0.455217909,,,,
3,50,804148,642,960,0.88483254,,,,
3,50,2296687,1095,1600,2.052638724,,,,
3,50,1413641,1250,938,1.454075328,,,,
3,50,1847500,1200,1600,2.214123956,,,,
3,50,2402644,1200,1600,2.207629715,,,,
3,50,2144622,1600,1068,2.028005023,,,,
3,50,415601,420,640,0.587094818,,,,
3,50,383725,383,640,0.456700749,,,,
3,50,955547,960,960,1.161398521,,,,
3,50,1046140,576,768,0.69354314,,,,
3,50,1046484,576,768,0.691118312,,,,
3,50,1226595,960,719,0.98616582,,,,
3,50,497496,536,559,0.556903256,,,,
3,50,370409,279,640,0.425418883,,,,
3,50,3214460,1600,1200,2.156332855,,,,
3,50,2249694,1530,1530,2.582378622,,,,
3,50,1688157,1073,1600,2.015051931,,,,
3,50,906843,960,765,1.009946936,,,,
3,50,766240,480,640,0.588585097,,,,
3,50,2485823,800,1200,1.258330536,,,,
3,50,2470642,877,1240,1.342361713,,,,
3,50,1017275,548,822,0.871515776,,,,
3,50,721296,366,770,0.476283505,,,,
3,50,840644,845,960,1.082436281,,,,
3,50,1593233,903,1600,1.764639258,,,,
3,50,238233,429,640,0.47840254,,,,
3,50,922497,639,960,0.91810527,,,,
3,50,2388074,1600,1390,2.598439006,,,,
3,50,2165827,1200,1600,2.205823707,,,,
3,50,976410,720,960,0.884625578,,,,
3,50,861161,533,800,0.696575842,,,,
3,50,2053451,1600,1070,2.04095946,,,,
3,50,465161,480,640,0.509513154,,,,
3,50,872558,642,960,0.913649844,,,,
3,50,2414769,808,1600,1.609654011,,,,
3,50,2111250,1600,1068,2.070791837,,,,
3,50,2559360,960,1280,1.495784707,,,,
3,50,3118173,960,1280,1.630376333,,,,
3,50,2188564,960,1280,1.598041824,,,,
3,50,1426464,1600,1070,2.102262487,,,,
3,50,339513,387,462,0.39603195,,,,
3,50,2676486,1600,1065,1.96639723,,,,
3,50,1245145,1600,1600,2.87353933,,,,
3,50,1111809,720,960,0.950460489,,,,
3,50,2519906,960,1280,1.422294572,,,,
3,50,1956028,1200,1600,2.228861705,,,,
3,50,2215286,1050,1600,1.976540071,,,,
3,50,2033663,1200,1600,2.207554326,,,,
3,50,1517519,898,1600,1.672278038,,,,
3,50,3020157,1600,1200,2.310261603,,,,
3,50,991079,639,960,0.918378875,,,,
3,50,689807,576,720,0.70109737,,,,
3,50,441589,480,640,0.589328515,,,,
3,50,1469480,1065,1600,2.073807694,,,,
3,50,1052068,576,768,0.696796798,,,,
3,50,1901959,898,1600,1.78047015,,,,
3,50,1629932,619,1100,0.982847289,,,,
3,50,1828266,1068,1600,2.015035605,,,,
3,50,135021,351,309,0.345607433,,,,
3,50,1378276,1068,1600,1.970714038,,,,
3,50,3442989,960,1280,1.538489253,,,,
3,50,2746640,1065,1600,2.017994277,,,,
3,50,2706112,960,1280,1.407387838,,,,
3,50,2127391,1600,1200,2.15655489,,,,
3,50,2533995,960,1280,1.558293644,,,,
3,50,1092545,465,1600,0.940324915,,,,
3,50,1710539,1500,1295,2.226215625,,,,
3,50,299013,375,500,0.359683184,,,,
3,50,2782693,1298,1600,2.540848647,,,,
3,50,1766842,1200,1600,2.21843977,,,,
3,50,310825,375,500,0.366185643,,,,
3,50,939716,918,918,1.113220826,,,,
3,50,2821410,1200,1600,2.183145472,,,,
3,75,2974053,1600,1550,3.943701842,,,,
3,75,1282401,938,1250,1.540467236,,,,
3,75,1151338,720,960,1.11288723,,,,
3,75,2071394,1210,1600,2.383451709,,,,
3,75,558718,400,620,0.597250225,,,,
3,75,2884168,1530,1530,2.829254314,,,,
3,75,1993508,1143,1600,2.305962932,,,,
3,75,374013,333,500,0.479513312,,,,
3,75,221663,375,500,0.485649409,,,,
3,75,1352544,938,1250,1.595754946,,,,
3,75,1915446,1600,1068,2.088206951,,,,
3,75,1202040,639,960,1.035051992,,,,
3,75,1926564,1200,1600,2.35319043,,,,
3,75,826374,720,960,1.099742409,,,,
3,75,896736,686,960,1.017728666,,,,
3,75,2092639,1200,1600,2.292213996,,,,
3,75,1162591,938,1250,1.553558451,,,,
3,75,796277,726,960,1.084764587,,,,
3,75,1653536,1250,1228,1.927467356,,,,
3,75,2331418,1600,1200,2.45855792,,,,
3,75,633322,480,640,0.624687239,,,,
3,75,1554899,1595,1600,2.917466604,,,,
3,75,821168,480,640,0.594247071,,,,
3,75,2503272,1020,1600,2.008557727,,,,
3,75,2582799,1600,1280,2.471242989,,,,
3,75,1885600,1180,1600,2.3482112,,,,
3,75,349774,375,500,0.525829827,,,,
3,75,804148,642,960,0.936747142,,,,
3,75,2296687,1095,1600,2.134990127,,,,
3,75,1413641,1250,938,1.527686233,,,,
3,75,1847500,1200,1600,2.399074587,,,,
3,75,2402644,1200,1600,2.29759543,,,,
3,75,2144622,1600,1068,2.153253765,,,,
3,75,415601,420,640,0.619683079,,,,
3,75,383725,383,640,0.54317431,,,,
3,75,955547,960,960,1.29976112,,,,
3,75,1046140,576,768,0.822876638,,,,
3,75,1046484,576,768,0.7948779,,,,
3,75,1226595,960,719,1.076130939,,,,
3,75,497496,536,559,0.697595838,,,,
3,75,370409,279,640,0.532608996,,,,
3,75,3214460,1600,1200,2.343725645,,,,
3,75,2249694,1530,1530,2.777424307,,,,
3,75,1688157,1073,1600,2.186254297,,,,
3,75,906843,960,765,1.170465661,,,,
3,75,766240,480,640,0.712287718,,,,
3,75,2485823,800,1200,1.269545735,,,,
3,75,2470642,877,1240,1.496828498,,,,
3,75,1017275,548,822,0.724634364,,,,
3,75,721296,366,770,0.775442941,,,,
3,75,840644,845,960,1.183582135,,,,
3,75,1593233,903,1600,1.880259834,,,,
3,75,238233,429,640,0.573299999,,,,
3,75,922497,639,960,0.91264418,,,,
3,75,2388074,1600,1390,2.624700758,,,,
3,75,2165827,1200,1600,2.271467113,,,,
3,75,976410,720,960,0.985265727,,,,
3,75,861161,533,800,0.811855787,,,,
3,75,2053451,1600,1070,2.165734015,,,,
3,75,465161,480,640,0.666359098,,,,
3,75,872558,642,960,0.938136016,,,,
3,75,2414769,808,1600,1.619572195,,,,
3,75,2111250,1600,1068,2.066761948,,,,
3,75,2559360,960,1280,1.632890834,,,,
3,75,3118173,960,1280,1.718887107,,,,
3,75,2188564,960,1280,1.626740286,,,,
3,75,1426464,1600,1070,2.086339285,,,,
3,75,339513,387,462,0.475283704,,,,
3,75,2676486,1600,1065,2.181889068,,,,
3,75,1245145,1600,1600,3.019173249,,,,
3,75,1111809,720,960,1.020231516,,,,
3,75,2519906,960,1280,1.643049813,,,,
3,75,1956028,1200,1600,2.368431159,,,,
3,75,2215286,1050,1600,2.233043345,,,,
3,75,2033663,1200,1600,2.370299369,,,,
3,75,1517519,898,1600,1.804283468,,,,
3,75,3020157,1600,1200,2.37093552,,,,
3,75,991079,639,960,0.949148066,,,,
3,75,689807,576,720,0.747690508,,,,
3,75,441589,480,640,0.666605233,,,,
3,75,1469480,1065,1600,2.138786191,,,,
3,75,1052068,576,768,0.782737301,,,,
3,75,1901959,898,1600,1.938341011,,,,
3,75,1629932,619,1100,0.993703585,,,,
3,75,1828266,1068,1600,2.141616634,,,,
3,75,135021,351,309,0.438541936,,,,
3,75,1378276,1068,1600,2.080382943,,,,
3,75,3442989,960,1280,1.664805197,,,,
3,75,2746640,1065,1600,2.087428979,,,,
3,75,2706112,960,1280,1.623139767,,,,
3,75,2127391,1600,1200,2.35078325,,,,
3,75,2533995,960,1280,1.552245749,,,,
3,75,1092545,465,1600,1.149203855,,,,
3,75,1710539,1500,1295,2.332492542,,,,
3,75,299013,375,500,0.45837289,,,,
3,75,2782693,1298,1600,2.6563149,,,,
3,75,1766842,1200,1600,2.30121198,,,,
3,75,310825,375,500,0.447827534,,,,
3,75,939716,918,918,1.269799939,,,,
3,75,2821410,1200,1600,2.312291366,,,,
