Transmission_BW (bps),Transmission_BW (kbps),ImgHeight,ImgWidth,Datasize,Tx_true,Datasize (bits),Tx_calc,Link_Utilization
128000,128,576,768,1046140,69.01177887,8369120,65.38375,0.947428846
128000,128,576,768,1046484,68.92894585,8371872,65.40525,0.948879302
128000,128,576,768,1052068,69.37691702,8416544,65.75425,0.947782819
128000,128,800,1200,2485823,163.1160086,19886584,155.3639375,0.952475105
128000,128,619,1100,1629932,107.1735791,13039456,101.87075,0.950521116
128000,128,400,620,558718,37.09587549,4469744,34.919875,0.941341174
128000,128,533,800,861161,56.91664288,6889288,53.8225625,0.945638389
128000,128,898,1600,1517519,99.93719731,12140152,94.8449375,0.949045401
128000,128,1600,1200,2331418,153.1616121,18651344,145.713625,0.951371711
128000,128,1500,1295,1710539,112.5147128,13684312,106.9086875,0.95017518
128000,128,1530,1530,2884168,189.3068014,23073344,180.2605,0.952213543
128000,128,1530,1530,2249694,147.7437851,17997552,140.605875,0.95168724
128000,128,1073,1600,1688157,111.0297679,13505256,105.5098125,0.950284005
128000,128,1600,1600,1245145,81.99649517,9961160,77.8215625,0.949084011
128000,128,1298,1600,2782693,182.6287913,22261544,173.9183125,0.952305008
128000,128,1595,1600,1554899,102.298577,12439192,97.1811875,0.949975946
128000,128,1200,1600,2033663,133.6475396,16269304,127.1039375,0.951038365
128000,128,1200,1600,2165827,142.4545781,17326616,135.3641875,0.950227008
128000,128,903,1600,1593233,104.7928221,12745864,99.5770625,0.950227893
128000,128,1200,1600,1956028,129.2929998,15648224,122.25175,0.945540363
128000,128,1068,1600,1828266,120.2017401,14626128,114.266625,0.950623717
128000,128,1065,1600,2746640,179.6069728,21973120,171.665,0.955781378
128000,128,1600,1200,3214460,210.9292588,25715680,200.90375,0.952469805
128000,128,1200,1600,1847500,121.437507,14780000,115.46875,0.950849147
128000,128,1095,1600,2296687,150.7958903,18373496,143.5429375,0.951902185
128000,128,1600,1550,2974053,195.3718154,23792424,185.8783125,0.951408022
128000,128,1600,1070,2053451,134.9904832,16427608,128.3406875,0.950738781
128000,128,1143,1600,1993508,131.0721518,15948064,124.59425,0.950577589
128000,128,1200,1600,1926564,126.6132146,15412512,120.41025,0.951008553
128000,128,1200,1600,2821410,185.3289748,22571280,176.338125,0.95148708
128000,128,1050,1600,2215286,146.0257425,17722288,138.455375,0.948157309
128000,128,1180,1600,1885600,124.0164309,15084800,117.85,0.950277307
128000,128,1600,1280,2582799,171.1373707,20662392,161.4249375,0.943247736
128000,128,1600,1068,2111250,138.7567654,16890000,131.953125,0.950967145
128000,128,938,1250,1162591,76.67954896,9300728,72.6619375,0.947605176
128000,128,1600,1070,1426464,94.0043279,11411712,89.154,0.948403143
128000,128,938,1250,1352544,89.13330197,10820352,84.534,0.948399735
128000,128,1065,1600,1469480,96.81978835,11755840,91.8425,0.948592241
128000,128,1210,1600,2071394,136.1645874,16571152,129.462125,0.950776758
128000,128,938,1250,1282401,84.40028082,10259208,80.1500625,0.949642131
128000,128,1600,1065,2676486,175.6889626,21411888,167.280375,0.952139352
128000,128,1200,1600,2402644,157.8365562,19221152,150.16525,0.951397152
128000,128,1200,1600,2092639,137.5608192,16741112,130.7899375,0.950778996
128000,128,1200,1600,1766842,116.1808158,14134736,110.427625,0.950480716
128000,128,465,1600,1092545,72.1708622,8740360,68.2840625,0.946144475
128000,128,1250,1228,1653536,108.7758863,13228288,103.346,0.950081893
128000,128,1250,938,1413641,93.07133474,11309128,88.3525625,0.949299403
128000,128,898,1600,1901959,125.0685465,15215672,118.8724375,0.950458295
128000,128,1600,1068,1915446,125.9151348,15323568,119.715375,0.950762394
128000,128,1600,1068,2144622,140.9536975,17156976,134.038875,0.950942596
128000,128,1020,1600,2503272,164.4371602,20026176,156.4545,0.951454646
128000,128,808,1600,2414769,158.6102981,19318152,150.9230625,0.951533818
128000,128,1600,1200,2127391,139.8086927,17019128,132.9619375,0.951027686
128000,128,1600,1390,2388074,156.8748149,19104592,149.254625,0.951425027
128000,128,1068,1600,1378276,90.78417868,11026208,86.14225,0.948868528
128000,128,1600,1200,3020157,198.1843257,24161256,188.7598125,0.952445719
128000,128,480,640,465161,31.01225857,3721288,29.0725625,0.937453892
128000,128,480,640,441589,29.47633815,3532712,27.5993125,0.936320935
128000,128,383,640,383725,25.72306286,3069800,23.9828125,0.932346689
128000,128,333,500,374013,25.0822895,2992104,23.3758125,0.931964863
128000,128,279,640,370409,24.81831982,2963272,23.1505625,0.932801361
128000,128,420,640,415601,27.76642795,3324808,25.9750625,0.935484483
128000,128,375,500,349774,23.40854409,2798192,21.860875,0.933884436
128000,128,375,500,221663,15.08498254,1773304,13.8539375,0.918392677
128000,128,375,500,299013,20.06024525,2392104,18.6883125,0.931609373
128000,128,375,500,310825,20.96677645,2486600,19.4265625,0.92654026
128000,128,429,640,238233,24.06909965,1905864,14.8895625,0.618617344
128000,128,639,960,991079,65.47479932,7928632,61.9424375,0.946050055
128000,128,642,960,872558,57.70631291,6980464,54.534875,0.945041751
128000,128,726,960,796277,52.70547689,6370216,49.7673125,0.944253149
128000,128,720,960,1151338,75.9539927,9210704,71.958625,0.947397529
128000,128,720,960,1111809,73.75484371,8894472,69.4880625,0.942149139
128000,128,639,960,1202040,79.21592793,9616320,75.1275,0.948388815
128000,128,639,960,922497,60.98085118,7379976,57.6560625,0.945478152
128000,128,845,960,840644,55.58309411,6725152,52.54025,0.945255942
128000,128,918,918,939716,62.05370221,7517728,58.73225,0.946474552
128000,128,720,960,826374,54.58155413,6610992,51.648375,0.946260615
128000,128,720,960,976410,64.48279574,7811280,61.025625,0.946386153
128000,128,960,719,1226595,80.84665295,9812760,76.6621875,0.948241946
128000,128,642,960,804148,53.17332555,6433184,50.25925,0.945196665
128000,128,960,765,906843,59.96377216,7254744,56.6776875,0.945198834
128000,128,960,960,955547,63.1027251,7644376,59.7216875,0.946420102
128000,128,686,960,896736,59.31082902,7173888,56.046,0.944953914
128000,128,548,822,1017275,67.1986048,8138200,63.5796875,0.946145946
128000,128,576,720,689807,45.69029114,5518456,43.1129375,0.943590781
128000,128,536,559,497496,33.15816844,3979968,31.0935,0.937732736
128000,128,387,462,339513,22.82523022,2716104,21.2195625,0.929653821
128000,128,351,309,135021,9.40696506,1080168,8.4388125,0.897081306
128000,128,366,770,721296,47.81461199,5770368,45.081,0.942828941
128000,128,480,640,821168,54.32775157,6569344,51.323,0.944692142
128000,128,480,640,766240,50.7535258,6129920,47.89,0.943579766
128000,128,480,640,633322,42.02536241,5066576,39.582625,0.941874685
128000,128,960,1280,2188564,143.8011772,17508512,136.78525,0.95121092
128000,128,960,1280,2559360,168.0539027,20474880,159.96,0.951837461
128000,128,960,1280,2533995,166.4055706,20271960,158.3746875,0.951739097
128000,128,960,1280,2706112,177.6579737,21648896,169.132,0.952009057
128000,128,960,1280,2519906,165.4603541,20159248,157.494125,0.951854152
128000,128,960,1280,3442989,225.8871041,27543912,215.1868125,0.952629914
128000,128,960,1280,3118173,204.5619199,24945384,194.8858125,0.952698394
128000,128,877,1240,2470642,162.2529006,19765136,154.415125,0.95169408
256000,256,576,768,1046140,34.78370354,8369120,32.691875,0.939861822
256000,256,576,768,1046484,34.76740827,8371872,32.702625,0.940611527
256000,256,576,768,1052068,34.94442868,8416544,32.877125,0.94084025
256000,256,800,1200,2485823,81.87772353,19886584,77.68196875,0.948755845
256000,256,619,1100,1629932,53.85940338,13039456,50.935375,0.945709975
256000,256,400,620,558718,18.84092352,4469744,17.4599375,0.926702849
256000,256,533,800,861161,28.72946399,6889288,26.91128125,0.936713656
256000,256,898,1600,1517519,50.1864108,12140152,47.42246875,0.944926485
256000,256,1600,1200,2331418,76.81465523,18651344,72.8568125,0.948475422
256000,256,1500,1295,1710539,56.49981582,13684312,53.45434375,0.946097664
256000,256,1530,1530,2884168,94.88630373,23073344,90.13025,0.949876288
256000,256,1530,1530,2249694,74.12269706,17997552,70.3029375,0.948467073
256000,256,1073,1600,1688157,55.79227396,13505256,52.75490625,0.945559349
256000,256,1600,1600,1245145,41.28477767,9961160,38.91078125,0.942497052
256000,256,1298,1600,2782693,91.60063994,22261544,86.95915625,0.949329135
256000,256,1595,1600,1554899,51.43130721,12439192,48.59059375,0.944766843
256000,256,1200,1600,2033663,67.09681307,16269304,63.55196875,0.947168216
256000,256,1200,1600,2165827,71.38438392,17326616,67.68209375,0.948135853
256000,256,903,1600,1593233,52.69296257,12745864,49.78853125,0.944880091
256000,256,1200,1600,1956028,64.54688359,15648224,61.125875,0.946999632
256000,256,1068,1600,1828266,60.33076019,14626128,57.1333125,0.947001369
256000,256,1065,1600,2746640,90.41409172,21973120,85.8325,0.949326575
256000,256,1600,1200,3214460,108.901697,25715680,100.451875,0.922408721
256000,256,1200,1600,1847500,61.01255014,14780000,57.734375,0.946270478
256000,256,1095,1600,2296687,75.66865678,18373496,71.77146875,0.948496667
256000,256,1600,1550,2974053,97.84216554,23792424,92.93915625,0.949888586
256000,256,1600,1070,2053451,68.08102311,16427608,64.17034375,0.942558452
256000,256,1143,1600,1993508,65.7746219,15948064,62.297125,0.947130112
256000,256,1200,1600,1926564,63.56507351,15412512,60.205125,0.947141593
256000,256,1200,1600,2821410,92.84792386,22571280,88.1690625,0.949607259
256000,256,1050,1600,2215286,73.02614507,17722288,69.2276875,0.947984964
256000,256,1180,1600,1885600,62.20903703,15084800,58.925,0.947209647
256000,256,1600,1280,2582799,88.57132949,20662392,80.71246875,0.911270828
256000,256,1600,1068,2111250,69.63179921,16890000,65.9765625,0.947506215
256000,256,938,1250,1162591,38.57070175,9300728,36.33096875,0.941931754
256000,256,1600,1070,1426464,47.19589215,11411712,44.577,0.944510168
256000,256,938,1250,1352544,44.76167664,10820352,42.267,0.944267578
256000,256,1065,1600,1469480,48.63801756,11755840,45.92125,0.944143127
256000,256,1210,1600,2071394,68.31752799,16571152,64.7310625,0.947502997
256000,256,938,1250,1282401,42.52778738,10259208,40.07503125,0.9423258
256000,256,1600,1065,2676486,88.12460584,21411888,83.6401875,0.949112756
256000,256,1200,1600,2402644,79.16183725,19221152,75.082625,0.948469965
256000,256,1200,1600,2092639,69.01875069,16741112,65.39496875,0.947495689
256000,256,1200,1600,1766842,58.37899035,14134736,55.2138125,0.945782244
256000,256,465,1600,1092545,36.2898464,8740360,34.14203125,0.940814984
256000,256,1250,1228,1653536,54.67373174,13228288,51.673,0.945115659
256000,256,1250,938,1413641,46.78026023,11309128,44.17628125,0.944335945
256000,256,898,1600,1901959,69.89208883,15215672,59.43621875,0.850399806
256000,256,1600,1068,1915446,71.11259403,15323568,59.8576875,0.841731177
256000,256,1600,1068,2144622,73.17265337,17156976,67.0194375,0.915908258
256000,256,1020,1600,2503272,84.89272799,20026176,78.22725,0.921483522
256000,256,808,1600,2414769,88.16884665,19318152,75.46153125,0.855875223
256000,256,1600,1200,2127391,73.18651867,17019128,66.48096875,0.908377253
256000,256,1600,1390,2388074,79.71458421,19104592,74.6273125,0.936181418
256000,256,1068,1600,1378276,47.49486696,11026208,43.071125,0.906858525
256000,256,1600,1200,3020157,112.0201689,24161256,94.37990625,0.842526013
256000,256,480,640,465161,31.90351974,3721288,14.53628125,0.455632525
256000,256,480,640,441589,25.15611917,3532712,13.79965625,0.548560617
256000,256,383,640,383725,23.17222997,3069800,11.99140625,0.517490387
256000,256,333,500,374013,28.50352173,2992104,11.68790625,0.410051304
256000,256,279,640,370409,71.62656032,2963272,11.57528125,0.161605991
256000,256,420,640,415601,32.32477545,3324808,12.98753125,0.401782567
256000,256,375,500,349774,22.80001262,2798192,10.9304375,0.479404888
256000,256,375,500,221663,16.87314716,1773304,6.92696875,0.410532113
256000,256,375,500,299013,29.52108235,2392104,9.34415625,0.316524853
256000,256,375,500,310825,36.83997703,2486600,9.71328125,0.263661436
256000,256,429,640,238233,10.43335897,1905864,7.44478125,0.713555555
256000,256,639,960,991079,39.9504403,7928632,30.97121875,0.775240987
256000,256,642,960,872558,48.78641571,6980464,27.2674375,0.558914548
256000,256,726,960,796277,40.74595568,6370216,24.88365625,0.610702482
256000,256,720,960,1151338,59.87522065,9210704,35.9793125,0.600904884
256000,256,720,960,1111809,47.27343778,8894472,34.74403125,0.734958845
256000,256,639,960,1202040,59.28878097,9616320,37.56375,0.633572649
256000,256,639,960,922497,40.46209948,7379976,28.82803125,0.712469981
256000,256,845,960,840644,46.34595816,6725152,26.270125,0.566826667
256000,256,918,918,939716,43.70548187,7517728,29.366125,0.671909421
256000,256,720,960,826374,28.58365693,6610992,25.8241875,0.903459888
256000,256,720,960,976410,33.18756027,7811280,30.5128125,0.91940511
256000,256,960,719,1226595,45.66174876,9812760,38.33109375,0.839457419
256000,256,642,960,804148,32.73179505,6433184,25.129625,0.767743564
256000,256,960,765,906843,33.33475122,7254744,28.33884375,0.850129151
256000,256,960,960,955547,34.78183279,7644376,29.86084375,0.858518409
256000,256,686,960,896736,37.33966219,7173888,28.023,0.750488846
256000,256,548,822,1017275,35.61985371,8138200,31.78984375,0.892475416
256000,256,576,720,689807,27.51285656,5518456,21.55646875,0.783505293
256000,256,536,559,497496,17.25208888,3979968,15.54675,0.901151745
256000,256,387,462,339513,22.34957192,2716104,10.60978125,0.474719663
256000,256,351,309,135021,49.14658268,1080168,4.21940625,0.085853502
256000,256,366,770,721296,49.5414893,5770368,22.5405,0.454982285
256000,256,480,640,821168,69.5640865,6569344,25.6615,0.368890059
256000,256,480,640,766240,25.61884681,6129920,23.945,0.93466346
256000,256,480,640,633322,21.30896591,5066576,19.7913125,0.928778646
256000,256,960,1280,2188564,72.13088957,17508512,68.392625,0.948173874
256000,256,960,1280,2559360,84.27536448,20474880,79.98,0.94903179
256000,256,960,1280,2533995,83.87264203,20271960,79.18734375,0.944137943
256000,256,960,1280,2706112,89.09516032,21648896,84.566,0.949164912
256000,256,960,1280,2519906,82.98605098,20159248,78.7470625,0.948919265
256000,256,960,1280,3442989,113.2031605,27543912,107.5934063,0.950445251
256000,256,960,1280,3118173,102.5775075,24945384,97.44290625,0.94994418
256000,256,877,1240,2470642,81.39299892,19765136,77.2075625,0.948577439
512000,512,576,768,1046140,17.80008226,8369120,16.3459375,0.918306852
512000,512,576,768,1046484,17.77191538,8371872,16.3513125,0.920064729
512000,512,576,768,1052068,17.88683889,8416544,16.4385625,0.919031172
512000,512,800,1200,2485823,41.36011964,19886584,38.84098438,0.93909265
512000,512,619,1100,1629932,27.32938309,13039456,25.4676875,0.931879341
512000,512,400,620,558718,9.794539136,4469744,8.72996875,0.891309803
512000,512,533,800,861161,14.81341511,6889288,13.45564063,0.908341562
512000,512,898,1600,1517519,25.83907427,12140152,23.71123438,0.917650305
512000,512,1600,1200,2331418,38.85336968,18651344,36.42840625,0.937586792
512000,512,1500,1295,1710539,28.60702591,13684312,26.72717188,0.934286981
512000,512,1530,1530,2884168,47.89397254,23073344,45.065125,0.940935208
512000,512,1530,1530,2249694,37.76540648,17997552,35.15146875,0.930784864
512000,512,1073,1600,1688157,28.30523888,13505256,26.37745313,0.93189297
512000,512,1600,1600,1245145,22.84865568,9961160,19.45539063,0.85148951
512000,512,1298,1600,2782693,46.19229433,22261544,43.47957813,0.941273404
512000,512,1595,1600,1554899,26.12409402,12439192,24.29529688,0.929995768
512000,512,1200,1600,2033663,33.93355194,16269304,31.77598438,0.936417868
512000,512,1200,1600,2165827,36.21733726,17326616,33.84104688,0.934388043
512000,512,903,1600,1593233,26.82415895,12745864,24.89426563,0.928053911
512000,512,1200,1600,1956028,32.75163375,15648224,30.5629375,0.933172914
512000,512,1068,1600,1828266,30.62454089,14626128,28.56665625,0.932802759
512000,512,1065,1600,2746640,45.68923827,21973120,42.91625,0.939307627
512000,512,1600,1200,3214460,53.35277158,25715680,50.2259375,0.941393221
512000,512,1200,1600,1847500,30.95006646,14780000,28.8671875,0.932701955
512000,512,1095,1600,2296687,38.33415635,18373496,35.88573438,0.936129494
512000,512,1600,1550,2974053,49.43624738,23792424,46.46957813,0.939989999
512000,512,1600,1070,2053451,34.33973118,16427608,32.08517188,0.934345459
512000,512,1143,1600,1993508,33.38832116,15948064,31.1485625,0.932917901
512000,512,1200,1600,1926564,32.31116197,15412512,30.1025625,0.931645929
512000,512,1200,1600,2821410,46.92685779,22571280,44.08453125,0.939430708
512000,512,1050,1600,2215286,36.9878148,17722288,34.61384375,0.935817483
512000,512,1180,1600,1885600,31.58905524,15084800,29.4625,0.932680632
512000,512,1600,1280,2582799,43.17789156,20662392,40.35623438,0.934650418
512000,512,1600,1068,2111250,35.66536059,16890000,32.98828125,0.924938952
512000,512,938,1250,1162591,19.81349807,9300728,18.16548438,0.916823688
512000,512,1600,1070,1426464,24.1482428,11411712,22.2885,0.922986413
512000,512,938,1250,1352544,22.88842964,10820352,21.1335,0.923326778
512000,512,1065,1600,1469480,24.85873084,11755840,22.960625,0.923644298
512000,512,1210,1600,2071394,34.64015371,16571152,32.36553125,0.934335671
512000,512,938,1250,1282401,21.75359237,10259208,20.03751563,0.921112949
512000,512,1600,1065,2676486,44.59264687,21411888,41.82009375,0.937824881
512000,512,1200,1600,2402644,40.01295928,19221152,37.5413125,0.938228843
512000,512,1200,1600,2092639,34.97824671,16741112,32.69748438,0.934794835
512000,512,1200,1600,1766842,29.71990813,14134736,27.60690625,0.928902813
512000,512,465,1600,1092545,18.63706186,8740360,17.07101563,0.915971399
512000,512,1250,1228,1653536,28.29320143,13228288,25.8365,0.913169903
512000,512,1250,938,1413641,23.85478493,11309128,22.08814063,0.925941722
512000,512,898,1600,1901959,31.82792941,15215672,29.71810938,0.933711678
512000,512,1600,1068,1915446,32.11111336,15323568,29.92884375,0.932040052
512000,512,1600,1068,2144622,35.82283285,17156976,33.50971875,0.935429057
512000,512,1020,1600,2503272,41.69290777,20026176,39.113625,0.938136175
512000,512,808,1600,2414769,40.30020248,19318152,37.73076563,0.936242582
512000,512,1600,1200,2127391,35.5911506,17019128,33.24048438,0.933953632
512000,512,1600,1390,2388074,39.79079374,19104592,37.31365625,0.937745964
512000,512,1068,1600,1378276,23.35315573,11026208,21.5355625,0.922169267
512000,512,1600,1200,3020157,50.18211212,24161256,47.18995313,0.940373992
512000,512,480,640,465161,8.37272189,3721288,7.268140625,0.868073814
512000,512,480,640,441589,7.975660905,3532712,6.899828125,0.865110517
512000,512,383,640,383725,6.984655129,3069800,5.995703125,0.858410761
512000,512,333,500,374013,6.874613094,2992104,5.843953125,0.850077385
512000,512,279,640,370409,6.804731496,2963272,5.787640625,0.850531814
512000,512,420,640,415601,7.559772419,3324808,6.493765625,0.858989565
512000,512,375,500,349774,6.495350192,2798192,5.46521875,0.841404788
512000,512,375,500,221663,4.378965927,1773304,3.463484375,0.790936589
512000,512,375,500,299013,5.612070825,2392104,4.672078125,0.832505197
512000,512,375,500,310825,5.842732611,2486600,4.856640625,0.831227603
512000,512,429,640,238233,4.632471779,1905864,3.722390625,0.803543076
512000,512,639,960,991079,16.96996294,7928632,15.48560938,0.912530536
512000,512,642,960,872558,15.02158675,6980464,13.63371875,0.907608429
512000,512,726,960,796277,13.80409144,6370216,12.44182813,0.901314525
512000,512,720,960,1151338,19.60451189,9210704,17.98965625,0.917628368
512000,512,720,960,1111809,19.00437547,8894472,17.37201563,0.914106104
512000,512,639,960,1202040,20.45052947,9616320,18.781875,0.918405317
512000,512,639,960,922497,15.86760053,7379976,14.41401563,0.908392898
512000,512,845,960,840644,14.50658905,6725152,13.1350625,0.905454925
512000,512,918,918,939716,16.15250715,7517728,14.6830625,0.909026838
512000,512,720,960,826374,14.28015716,6610992,12.91209375,0.904198295
512000,512,720,960,976410,16.72761002,7811280,15.25640625,0.912049374
512000,512,960,719,1226595,22.43162099,9812760,19.16554688,0.854398658
512000,512,642,960,804148,13.89812923,6433184,12.5648125,0.904065021
512000,512,960,765,906843,15.64112516,7254744,14.16942188,0.905908094
512000,512,960,960,955547,17.0433549,7644376,14.93042188,0.876025992
512000,512,686,960,896736,15.44546957,7173888,14.0115,0.907159212
512000,512,548,822,1017275,17.43096879,8138200,15.89492188,0.911878282
512000,512,576,720,689807,12.10320812,5518456,10.77823438,0.890527063
512000,512,536,559,497496,8.910585813,3979968,7.773375,0.872375303
512000,512,387,462,339513,6.316332003,2716104,5.304890625,0.83986887
512000,512,351,309,135021,3.015022334,1080168,2.109703125,0.699730513
512000,512,366,770,721296,12.58328041,5770368,11.27025,0.895652774
512000,512,480,640,821168,14.15284327,6569344,12.83075,0.906584617
512000,512,480,640,766240,13.26338228,6129920,11.9725,0.902673221
512000,512,480,640,633322,11.11332881,5066576,9.89565625,0.890431339
512000,512,960,1280,2188564,36.83817619,17508512,34.1963125,0.928284623
512000,512,960,1280,2559360,42.64968907,20474880,39.99,0.937638723
512000,512,960,1280,2533995,42.24398002,20271960,39.59367188,0.937261874
512000,512,960,1280,2706112,45.03103182,21648896,42.283,0.938974709
512000,512,960,1280,2519906,41.98894322,20159248,39.37353125,0.937711889
512000,512,960,1280,3442989,57.07685392,27543912,53.79670313,0.942530981
512000,512,960,1280,3118173,51.76542388,24945384,48.72145313,0.941196835
512000,512,877,1240,2470642,41.25026455,19765136,38.60378125,0.935843241
768000,768,576,768,1046140,12.26946475,8369120,10.89729167,0.888163574
768000,768,576,768,1046484,12.16644031,8371872,10.900875,0.895978998
768000,768,576,768,1052068,12.26602902,8416544,10.95904167,0.893446579
768000,768,800,1200,2485823,27.90789771,19886584,25.89398958,0.92783734
768000,768,619,1100,1629932,18.51454338,13039456,16.97845833,0.917033598
768000,768,400,620,558718,6.873914877,4469744,5.819979167,0.84667606
768000,768,533,800,861161,10.37465276,6889288,8.970427083,0.864648417
768000,768,898,1600,1517519,17.95447837,12140152,15.80748958,0.880420431
768000,768,1600,1200,2331418,26.20737454,18651344,24.28560417,0.926670626
768000,768,1500,1295,1710539,19.47461202,13684312,17.81811458,0.914940671
768000,768,1530,1530,2884168,32.27640268,23073344,30.04341667,0.930816763
768000,768,1530,1530,2249694,25.32044398,17997552,23.4343125,0.925509542
768000,768,1073,1600,1688157,19.22180377,13505256,17.58496875,0.914844879
768000,768,1600,1600,1245145,14.31543991,9961160,12.97026042,0.906032961
768000,768,1298,1600,2782693,31.07785314,22261544,28.98638542,0.93270231
768000,768,1595,1600,1554899,17.74671087,12439192,16.19686458,0.912668533
768000,768,1200,1600,2033663,22.93965455,16269304,21.18398958,0.923465937
768000,768,1200,1600,2165827,24.44009329,17326616,22.56069792,0.923101956
768000,768,903,1600,1593233,18.16576781,12745864,16.59617708,0.913596235
768000,768,1200,1600,1956028,22.08197234,15648224,20.37529167,0.922711584
768000,768,1068,1600,1828266,20.69304578,14626128,19.0444375,0.920330323
768000,768,1065,1600,2746640,30.74526663,21973120,28.61083333,0.930576849
768000,768,1600,1200,3214460,35.82284116,25715680,33.48395833,0.934709734
768000,768,1200,1600,1847500,20.95474166,14780000,19.24479167,0.918397944
768000,768,1095,1600,2296687,25.80141639,18373496,23.92382292,0.927229054
768000,768,1600,1550,2974053,33.15383403,23792424,30.97971875,0.934423413
768000,768,1600,1070,2053451,23.16397929,16427608,21.39011458,0.923421417
768000,768,1143,1600,1993508,22.45360028,15948064,20.76570833,0.924827559
768000,768,1200,1600,1926564,21.70567107,15412512,20.068375,0.924568282
768000,768,1200,1600,2821410,31.53141891,22571280,29.3896875,0.932076276
768000,768,1050,1600,2215286,24.93336839,17722288,23.07589583,0.925502542
768000,768,1180,1600,1885600,21.33540025,15084800,19.64166667,0.92061393
768000,768,1600,1280,2582799,28.96532789,20662392,26.90415625,0.928840038
768000,768,1600,1068,2111250,23.79302655,16890000,21.9921875,0.924312317
768000,768,938,1250,1162591,13.45532763,9300728,12.11032292,0.900039245
768000,768,1600,1070,1426464,16.36539079,11411712,14.859,0.907952654
768000,768,938,1250,1352544,15.55126039,10820352,14.089,0.905971583
768000,768,1065,1600,1469480,17.22106619,11755840,15.30708333,0.888858051
768000,768,1210,1600,2071394,23.34637429,16571152,21.57702083,0.924212923
768000,768,938,1250,1282401,14.75091842,10259208,13.35834375,0.905594036
768000,768,1600,1065,2676486,31.04403848,21411888,27.8800625,0.898081044
768000,768,1200,1600,2402644,26.94944015,19221152,25.02754167,0.928685031
768000,768,1200,1600,2092639,23.57016747,16741112,21.79832292,0.924826815
768000,768,1200,1600,1766842,20.06101022,14134736,18.40460417,0.917431573
768000,768,465,1600,1092545,12.61718103,8740360,11.38067708,0.901998399
768000,768,1250,1228,1653536,18.83280008,13228288,17.22433333,0.914592268
768000,768,1250,938,1413641,16.21165429,11309128,14.72542708,0.908323532
768000,768,898,1600,1901959,21.46575556,15215672,19.81207292,0.922961825
768000,768,1600,1068,1915446,21.59256957,15323568,19.9525625,0.924047619
768000,768,1600,1068,2144622,24.20253344,17156976,22.3398125,0.923036117
768000,768,1020,1600,2503272,28.03370637,20026176,26.07575,0.930157064
768000,768,808,1600,2414769,27.3845853,19318152,25.15384375,0.918540247
768000,768,1600,1200,2127391,23.93534892,17019128,22.16032292,0.925840814
768000,768,1600,1390,2388074,26.76108842,19104592,24.87577083,0.929550041
768000,768,1068,1600,1378276,15.77999152,11026208,14.35704167,0.90982569
768000,768,1600,1200,3020157,33.82114373,24161256,31.45996875,0.930186424
768000,768,480,640,465161,5.826371965,3721288,4.845427083,0.8316371
768000,768,480,640,441589,5.574609953,3532712,4.599885417,0.825149285
768000,768,383,640,383725,4.934097833,3069800,3.997135417,0.810104613
768000,768,333,500,374013,4.807509224,2992104,3.89596875,0.810392361
768000,768,279,640,370409,4.786301375,2963272,3.858427083,0.806139602
768000,768,420,640,415601,5.606646365,3324808,4.329177083,0.772150908
768000,768,375,500,349774,4.543604939,2798192,3.643479167,0.801891717
768000,768,375,500,221663,3.147165768,1773304,2.308989583,0.733672693
768000,768,375,500,299013,3.994184408,2392104,3.11471875,0.779813457
768000,768,375,500,310825,4.796998983,2486600,3.237760417,0.67495541
768000,768,429,640,238233,3.3061867,1905864,2.48159375,0.75059093
768000,768,639,960,991079,11.76254924,7928632,10.32373958,0.877678756
768000,768,642,960,872558,11.26123742,6980464,9.089145833,0.807117859
768000,768,726,960,796277,9.452309082,6370216,8.294552083,0.877515961
768000,768,720,960,1151338,13.29607172,9210704,11.99310417,0.902003571
768000,768,720,960,1111809,12.83079457,8894472,11.58134375,0.902620932
768000,768,639,960,1202040,13.893484,9616320,12.52125,0.901231829
768000,768,639,960,922497,10.82216947,7379976,9.60934375,0.887931369
768000,768,845,960,840644,9.889395956,6725152,8.756708333,0.885464428
768000,768,918,918,939716,10.9866321,7517728,9.788708333,0.890965334
768000,768,720,960,826374,9.725585669,6610992,8.6080625,0.885094512
768000,768,720,960,976410,11.43122091,7811280,10.1709375,0.889750761
768000,768,960,719,1226595,14.14850614,9812760,12.77703125,0.903065746
768000,768,642,960,804148,9.527585504,6433184,8.376541667,0.879188296
768000,768,960,765,906843,10.61577105,7254744,9.44628125,0.889834681
768000,768,960,960,955547,11.16695558,7644376,9.953614583,0.891345409
768000,768,686,960,896736,10.68408048,7173888,9.341,0.87429143
768000,768,548,822,1017275,12.15028142,8138200,10.59661458,0.872129148
768000,768,576,720,689807,9.495369052,5518456,7.185489583,0.756736209
768000,768,536,559,497496,6.259393361,3979968,5.18225,0.827915694
768000,768,387,462,339513,4.815494559,2716104,3.53659375,0.734419634
768000,768,351,309,135021,2.293679497,1080168,1.40646875,0.613193235
768000,768,366,770,721296,8.58522388,5770368,7.5135,0.875166461
768000,768,480,640,821168,10.33053188,6569344,8.553833333,0.828014804
768000,768,480,640,766240,9.099762417,6129920,7.981666667,0.877129127
768000,768,480,640,633322,7.68113351,5066576,6.597104167,0.858871175
768000,768,960,1280,2188564,24.62299907,17508512,22.79754167,0.925863726
768000,768,960,1280,2559360,28.65104881,20474880,26.66,0.930506949
768000,768,960,1280,2533995,28.38957083,20271960,26.39578125,0.929770352
768000,768,960,1280,2706112,30.33053421,21648896,28.18866667,0.929382466
768000,768,960,1280,2519906,28.2486697,20159248,26.24902083,0.929212636
768000,768,960,1280,3442989,38.28397466,27543912,35.86446875,0.936801078
768000,768,960,1280,3118173,34.81107664,24945384,32.48096875,0.933064182
768000,768,877,1240,2470642,27.75014901,19765136,25.73585417,0.927413188
1000000,1000,576,768,1046140,9.410985511,8369120,8.36912,0.889292624
1000000,1000,576,768,1046484,9.299700923,8371872,8.371872,0.900230241
1000000,1000,576,768,1052068,9.374455515,8416544,8.416544,0.897816837
1000000,1000,800,1200,2485823,21.39799943,19886584,19.886584,0.929366508
1000000,1000,619,1100,1629932,14.23145984,13039456,13.039456,0.916241633
1000000,1000,400,620,558718,5.250251333,4469744,4.469744,0.851339053
1000000,1000,533,800,861161,7.732951198,6889288,6.889288,0.89090023
1000000,1000,898,1600,1517519,13.29159767,12140152,12.140152,0.913370409
1000000,1000,1600,1200,2331418,20.10348512,18651344,18.651344,0.927766698
1000000,1000,1500,1295,1710539,14.88519246,13684312,13.684312,0.91932382
1000000,1000,1530,1530,2884168,24.70973533,23073344,23.073344,0.933775441
1000000,1000,1530,1530,2249694,19.38947109,17997552,17.997552,0.928212632
1000000,1000,1073,1600,1688157,14.72016919,13505256,13.505256,0.917466085
1000000,1000,1600,1600,1245145,10.99768311,9961160,9.96116,0.905750775
1000000,1000,1298,1600,2782693,23.84908382,22261544,22.261544,0.933433928
1000000,1000,1595,1600,1554899,13.61761904,12439192,12.439192,0.913463063
1000000,1000,1200,1600,2033663,17.61862568,16269304,16.269304,0.923415044
1000000,1000,1200,1600,2165827,18.71741459,17326616,17.326616,0.925694941
1000000,1000,903,1600,1593233,13.91373109,12745864,12.745864,0.916063701
1000000,1000,1200,1600,1956028,16.95288808,15648224,15.648224,0.923041781
1000000,1000,1068,1600,1828266,15.87513843,14626128,14.626128,0.921322864
1000000,1000,1065,1600,2746640,23.53230223,21973120,21.97312,0.933742895
1000000,1000,1600,1200,3214460,27.50985615,25715680,25.71568,0.934780606
1000000,1000,1200,1600,1847500,16.02717646,14780000,14.78,0.922183645
1000000,1000,1095,1600,2296687,19.82052061,18373496,18.373496,0.926993612
1000000,1000,1600,1550,2974053,25.47902958,23792424,23.792424,0.933804167
1000000,1000,1600,1070,2053451,17.75423436,16427608,16.427608,0.925278312
1000000,1000,1143,1600,1993508,17.28805339,15948064,15.948064,0.922490441
1000000,1000,1200,1600,1926564,16.73832115,15412512,15.412512,0.920791988
1000000,1000,1200,1600,2821410,24.20840422,22571280,22.57128,0.932373724
1000000,1000,1050,1600,2215286,19.19860154,17722288,17.722288,0.923103069
1000000,1000,1180,1600,1885600,16.43471088,15084800,15.0848,0.917862207
1000000,1000,1600,1280,2582799,22.24595772,20662392,20.662392,0.928815574
1000000,1000,1600,1068,2111250,18.21130446,16890000,16.89,0.927445919
1000000,1000,938,1250,1162591,10.31055527,9300728,9.300728,0.902058886
1000000,1000,1600,1070,1426464,12.52347274,11411712,11.411712,0.911225843
1000000,1000,938,1250,1352544,11.91071833,10820352,10.820352,0.908455032
1000000,1000,1065,1600,1469480,12.88569595,11755840,11.75584,0.912317041
1000000,1000,1210,1600,2071394,17.87604445,16571152,16.571152,0.927003289
1000000,1000,938,1250,1282401,11.31875792,10259208,10.259208,0.906389912
1000000,1000,1600,1065,2676486,22.98598695,21411888,21.411888,0.931519192
1000000,1000,1200,1600,2402644,20.66656305,19221152,19.221152,0.930060405
1000000,1000,1200,1600,2092639,18.07394731,16741112,16.741112,0.926256546
1000000,1000,1200,1600,1766842,15.42886005,14134736,14.134736,0.916123158
1000000,1000,465,1600,1092545,9.70671831,8740360,8.74036,0.900444385
1000000,1000,1250,1228,1653536,14.50587835,13228288,13.228288,0.911926026
1000000,1000,1250,938,1413641,12.40438113,11309128,11.309128,0.911704331
1000000,1000,898,1600,1901959,16.51234784,15215672,15.215672,0.921472352
1000000,1000,1600,1068,1915446,16.57933297,15323568,15.323568,0.924257208
1000000,1000,1600,1068,2144622,18.57765546,17156976,17.156976,0.923527516
1000000,1000,1020,1600,2503272,21.54972195,20026176,20.026176,0.9293009
1000000,1000,808,1600,2414769,20.83804601,19318152,19.318152,0.927061587
1000000,1000,1600,1200,2127391,18.39070749,17019128,17.019128,0.925419971
1000000,1000,1600,1390,2388074,20.60254994,19104592,19.104592,0.927292595
1000000,1000,1068,1600,1378276,12.08157801,11026208,11.026208,0.912646344
1000000,1000,1600,1200,3020157,25.86342517,24161256,24.161256,0.934186243
1000000,1000,480,640,465161,4.48865519,3721288,3.721288,0.829042963
1000000,1000,480,640,441589,4.390996939,3532712,3.532712,0.804535291
1000000,1000,383,640,383725,3.783160644,3069800,3.0698,0.811437919
1000000,1000,333,500,374013,3.716685487,2992104,2.992104,0.805046327
1000000,1000,279,640,370409,3.751847538,2963272,2.963272,0.789816742
1000000,1000,420,640,415601,4.065739935,3324808,3.324808,0.817762093
1000000,1000,375,500,349774,3.481428815,2798192,2.798192,0.803748159
1000000,1000,375,500,221663,2.500634995,1773304,1.773304,0.709141479
1000000,1000,375,500,299013,3.113071846,2392104,2.392104,0.768406294
1000000,1000,375,500,310825,3.200750228,2486600,2.4866,0.776880363
1000000,1000,429,640,238233,2.56955062,1905864,1.905864,0.741711016
1000000,1000,639,960,991079,8.958296414,7928632,7.928632,0.885060243
1000000,1000,642,960,872558,7.886249899,6980464,6.980464,0.885143647
1000000,1000,726,960,796277,7.258078745,6370216,6.370216,0.877672484
1000000,1000,720,960,1151338,10.2824812,9210704,9.210704,0.895766675
1000000,1000,720,960,1111809,9.873805616,8894472,8.894472,0.900814979
1000000,1000,639,960,1202040,10.64838299,9616320,9.61632,0.903077961
1000000,1000,639,960,922497,8.328930487,7379976,7.379976,0.886065265
1000000,1000,845,960,840644,7.567230282,6725152,6.725152,0.88872041
1000000,1000,918,918,939716,8.434735953,7517728,7.517728,0.891281961
1000000,1000,720,960,826374,7.494946242,6610992,6.610992,0.882059962
1000000,1000,720,960,976410,8.764758755,7811280,7.81128,0.89121449
1000000,1000,960,719,1226595,10.93257387,9812760,9.81276,0.897570885
1000000,1000,642,960,804148,7.31947509,6433184,6.433184,0.878913299
1000000,1000,960,765,906843,8.173978732,7254744,7.254744,0.887541335
1000000,1000,960,960,955547,8.568003589,7644376,7.644376,0.892200373
1000000,1000,686,960,896736,8.163133756,7173888,7.173888,0.878815442
1000000,1000,548,822,1017275,9.099245864,8138200,8.1382,0.894381812
1000000,1000,576,720,689807,6.357963513,5518456,5.518456,0.867959684
1000000,1000,536,559,497496,4.804315904,3979968,3.979968,0.828415133
1000000,1000,387,462,339513,3.370354972,2716104,2.716104,0.805880693
1000000,1000,351,309,135021,1.705266091,1080168,1.080168,0.633430762
1000000,1000,366,770,721296,6.607948161,5770368,5.770368,0.87324656
1000000,1000,480,640,821168,7.623518846,6569344,6.569344,0.8617207
1000000,1000,480,640,766240,6.995967569,6129920,6.12992,0.876207607
1000000,1000,480,640,633322,5.925972032,5066576,5.066576,0.854978048
1000000,1000,960,1280,2188564,18.97759444,17508512,17.508512,0.922588585
1000000,1000,960,1280,2559360,22.03581979,20474880,20.47488,0.929163525
1000000,1000,960,1280,2533995,21.82884458,20271960,20.27196,0.928677646
1000000,1000,960,1280,2706112,23.25096643,21648896,21.648896,0.931096609
1000000,1000,960,1280,2519906,21.66292995,20159248,20.159248,0.930587323
1000000,1000,960,1280,3442989,29.47119098,27543912,27.543912,0.934604646
1000000,1000,960,1280,3118173,26.86931529,24945384,24.945384,0.928396713
1000000,1000,877,1240,2470642,21.24163849,19765136,19.765136,0.930490179
2000000,2000,576,768,1046140,5.208288596,8369120,4.18456,0.803442421
2000000,2000,576,768,1046484,5.18122564,8371872,4.185936,0.807904595
2000000,2000,576,768,1052068,5.201723199,8416544,4.208272,0.809014982
2000000,2000,800,1200,2485823,11.23889656,19886584,9.943292,0.884721373
2000000,2000,619,1100,1629932,7.558841204,13039456,6.519728,0.862530092
2000000,2000,400,620,558718,3.089722561,4469744,2.234872,0.723324491
2000000,2000,533,800,861161,4.393848579,6889288,3.444644,0.783969665
2000000,2000,898,1600,1517519,7.120649272,12140152,6.070076,0.852461028
2000000,2000,1600,1200,2331418,10.50753,18651344,9.325672,0.887522757
2000000,2000,1500,1295,1710539,7.931737322,13684312,6.842156,0.862630181
2000000,2000,1530,1530,2884168,12.85001207,23073344,11.536672,0.897794643
2000000,2000,1530,1530,2249694,10.16343689,17997552,8.998776,0.885406787
2000000,2000,1073,1600,1688157,7.781279636,13505256,6.752628,0.867804309
2000000,2000,1600,1600,1245145,5.949739259,9961160,4.98058,0.837108953
2000000,2000,1298,1600,2782693,12.52514398,22261544,11.130772,0.888674176
2000000,2000,1595,1600,1554899,7.213522048,12439192,6.219596,0.862213487
2000000,2000,1200,1600,2033663,9.241798923,16269304,8.134652,0.880202228
2000000,2000,1200,1600,2165827,9.814854874,17326616,8.663308,0.882673062
2000000,2000,903,1600,1593233,7.417868859,12745864,6.372932,0.859132471
2000000,2000,1200,1600,1956028,8.94938945,15648224,7.824112,0.874262098
2000000,2000,1068,1600,1828266,8.399333858,14626128,7.313064,0.870671904
2000000,2000,1065,1600,2746640,12.25883794,21973120,10.98656,0.896215453
2000000,2000,1600,1200,3214460,14.22092623,25715680,12.85784,0.904149265
2000000,2000,1200,1600,1847500,8.505853407,14780000,7.39,0.868813468
2000000,2000,1095,1600,2296687,10.04050793,18373496,9.186748,0.914968452
2000000,2000,1600,1550,2974053,13.19877434,23792424,11.896212,0.901311871
2000000,2000,1600,1070,2053451,9.311751618,16427608,8.213804,0.882090109
2000000,2000,1143,1600,1993508,9.113394635,15948064,7.974032,0.874979337
2000000,2000,1200,1600,1926564,8.800369057,15412512,7.706256,0.875674185
2000000,2000,1200,1600,2821410,12.54529044,22571280,11.28564,0.899591767
2000000,2000,1050,1600,2215286,9.946888572,17722288,8.861144,0.890845809
2000000,2000,1180,1600,1885600,8.560216433,15084800,7.5424,0.881099217
2000000,2000,1600,1280,2582799,11.59365227,20662392,10.331196,0.891107975
2000000,2000,1600,1068,2111250,9.611828034,16890000,8.445,0.878604982
2000000,2000,938,1250,1162591,5.607798103,9300728,4.650364,0.829267373
2000000,2000,1600,1070,1426464,6.713844465,11411712,5.705856,0.849864192
2000000,2000,938,1250,1352544,6.422815023,10820352,5.410176,0.842337196
2000000,2000,1065,1600,1469480,6.901756627,11755840,5.87792,0.851655646
2000000,2000,1210,1600,2071394,9.352168459,16571152,8.285576,0.88595239
2000000,2000,938,1250,1282401,6.118441753,10259208,5.129604,0.838384054
2000000,2000,1600,1065,2676486,11.98287146,21411888,10.705944,0.893437273
2000000,2000,1200,1600,2402644,10.85329099,19221152,9.610576,0.885498786
2000000,2000,1200,1600,2092639,9.437537472,16741112,8.370556,0.886942809
2000000,2000,1200,1600,1766842,8.119532673,14134736,7.067368,0.870415612
2000000,2000,465,1600,1092545,5.848702283,8740360,4.37018,0.74720507
2000000,2000,1250,1228,1653536,7.617272407,13228288,6.614144,0.868308713
2000000,2000,1250,938,1413641,6.608373346,11309128,5.654564,0.855666547
2000000,2000,898,1600,1901959,8.67187877,15215672,7.607836,0.877299626
2000000,2000,1600,1068,1915446,8.760101944,15323568,7.661784,0.874622698
2000000,2000,1600,1068,2144622,9.711073786,17156976,8.578488,0.883371725
2000000,2000,1020,1600,2503272,11.27136336,20026176,10.013088,0.888365292
2000000,2000,808,1600,2414769,11.04444869,19318152,9.659076,0.874563889
2000000,2000,1600,1200,2127391,9.702878161,17019128,8.509564,0.877014414
2000000,2000,1600,1390,2388074,10.8087223,19104592,9.552296,0.883758111
2000000,2000,1068,1600,1378276,6.505428653,11026208,5.513104,0.847462065
2000000,2000,1600,1200,3020157,13.63422923,24161256,12.080628,0.886051408
2000000,2000,480,640,465161,2.741424267,3721288,1.860644,0.678714354
2000000,2000,480,640,441589,2.661524701,3532712,1.766356,0.6636632
2000000,2000,383,640,383725,2.366283934,3069800,1.5349,0.648654195
2000000,2000,333,500,374013,2.349387307,2992104,1.496052,0.636783895
2000000,2000,279,640,370409,2.319860341,2963272,1.481636,0.638674654
2000000,2000,420,640,415601,2.485152798,3324808,1.662404,0.668934321
2000000,2000,375,500,349774,2.237010201,2798192,1.399096,0.625431211
2000000,2000,375,500,221663,1.686955023,1773304,0.886652,0.525593147
2000000,2000,375,500,299013,1.997976285,2392104,1.196052,0.59863173
2000000,2000,375,500,310825,2.109176365,2486600,1.2433,0.589471806
2000000,2000,429,640,238233,1.837071314,1905864,0.952932,0.518723466
2000000,2000,639,960,991079,4.906386706,7928632,3.964316,0.807990939
2000000,2000,642,960,872558,4.398999476,6980464,3.490232,0.793414962
2000000,2000,726,960,796277,4.112913575,6370216,3.185108,0.774416467
2000000,2000,720,960,1151338,5.556443178,9210704,4.605352,0.828830936
2000000,2000,720,960,1111809,5.48830964,8894472,4.447236,0.810310695
2000000,2000,639,960,1202040,5.764871171,9616320,4.80816,0.834044657
2000000,2000,639,960,922497,4.579467119,7379976,3.689988,0.805767987
2000000,2000,845,960,840644,4.317995361,6725152,3.362576,0.778735436
2000000,2000,918,918,939716,4.637639979,7517728,3.758864,0.810512247
2000000,2000,720,960,826374,4.265329411,6610992,3.305496,0.774968515
2000000,2000,720,960,976410,4.833427088,7811280,3.90564,0.808047774
2000000,2000,960,719,1226595,5.897028509,9812760,4.90638,0.832008866
2000000,2000,642,960,804148,4.125502189,6433184,3.216592,0.779684958
2000000,2000,960,765,906843,4.585551926,7254744,3.627372,0.791043708
2000000,2000,960,960,955547,4.786342405,7644376,3.822188,0.798561339
2000000,2000,686,960,896736,4.505301534,7173888,3.586944,0.796160695
2000000,2000,548,822,1017275,5.028401392,8138200,4.0691,0.809223386
2000000,2000,576,720,689807,3.549281743,5518456,2.759228,0.777404613
2000000,2000,536,559,497496,2.763706512,3979968,1.989984,0.720041723
2000000,2000,387,462,339513,2.239996296,2716104,1.358052,0.606274217
2000000,2000,351,309,135021,1.352280536,1080168,0.540084,0.399387542
2000000,2000,366,770,721296,3.670322375,5770368,2.885184,0.786084628
2000000,2000,480,640,821168,4.212725823,6569344,3.284672,0.779702297
2000000,2000,480,640,766240,3.946945542,6129920,3.06496,0.776539724
2000000,2000,480,640,633322,3.418469738,5066576,2.533288,0.741059069
2000000,2000,960,1280,2188564,9.942856145,17508512,8.754256,0.88045687
2000000,2000,960,1280,2559360,11.54946699,20474880,10.23744,0.886399347
2000000,2000,960,1280,2533995,11.34178264,20271960,10.13598,0.89368491
2000000,2000,960,1280,2706112,12.07501792,21648896,10.824448,0.896433287
2000000,2000,960,1280,2519906,11.23987005,20159248,10.079624,0.896774069
2000000,2000,960,1280,3442989,15.13233225,27543912,13.771956,0.910101349
2000000,2000,960,1280,3118173,13.76584372,24945384,12.472692,0.906060846
2000000,2000,877,1240,2470642,11.10492247,19765136,9.882568,0.889926789
3000000,3000,576,768,1046140,3.610699406,8369120,2.789706667,0.772622241
3000000,3000,576,768,1046484,3.638285391,8371872,2.790624,0.767016245
3000000,3000,576,768,1052068,3.621825134,8416544,2.805514667,0.774613506
3000000,3000,800,1200,2485823,7.644865782,19886584,6.628861333,0.867099766
3000000,3000,619,1100,1629932,5.303221418,13039456,4.346485333,0.819593411
3000000,3000,400,620,558718,2.229542253,4469744,1.489914667,0.668260341
3000000,3000,533,800,861161,3.102470174,6889288,2.296429333,0.740193847
3000000,3000,898,1600,1517519,4.915369824,12140152,4.046717333,0.823278304
3000000,3000,1600,1200,2331418,7.199378446,18651344,6.217114667,0.863562697
3000000,3000,1500,1295,1710539,5.495129208,13684312,4.561437333,0.830087367
3000000,3000,1530,1530,2884168,8.722905908,23073344,7.691114667,0.881714734
3000000,3000,1530,1530,2249694,6.97266267,17997552,5.999184,0.860386381
3000000,3000,1073,1600,1688157,5.425370035,13505256,4.501752,0.82975944
3000000,3000,1600,1600,1245145,4.183481431,9961160,3.320386667,0.79368983
3000000,3000,1298,1600,2782693,8.46592032,22261544,7.420514667,0.876516006
3000000,3000,1595,1600,1554899,4.974721788,12439192,4.146397333,0.833493311
3000000,3000,1200,1600,2033663,6.413223875,16269304,5.423101333,0.845612353
3000000,3000,1200,1600,2165827,6.741285133,17326616,5.775538667,0.85674149
3000000,3000,903,1600,1593233,5.166882725,12745864,4.248621333,0.822279421
3000000,3000,1200,1600,1956028,6.270825121,15648224,5.216074667,0.831800372
3000000,3000,1068,1600,1828266,5.779771257,14626128,4.875376,0.84352404
3000000,3000,1065,1600,2746640,8.349569904,21973120,7.324373333,0.877215643
3000000,3000,1600,1200,3214460,9.701763812,25715680,8.571893333,0.883539684
3000000,3000,1200,1600,1847500,5.792984161,14780000,4.926666667,0.85045402
3000000,3000,1095,1600,2296687,7.089877946,18373496,6.124498667,0.863836968
3000000,3000,1600,1550,2974053,8.974021079,23792424,7.930808,0.88375188
3000000,3000,1600,1070,2053451,6.518782313,16427608,5.475869333,0.840014142
3000000,3000,1143,1600,1993508,6.257343319,15948064,5.316021333,0.849565233
3000000,3000,1200,1600,1926564,6.082073675,15412512,5.137504,0.844696114
3000000,3000,1200,1600,2821410,8.575947159,22571280,7.52376,0.87730951
3000000,3000,1050,1600,2215286,6.904895982,17722288,5.907429333,0.855542118
3000000,3000,1180,1600,1885600,5.978500256,15084800,5.028266667,0.8410582
3000000,3000,1600,1280,2582799,7.894372018,20662392,6.887464,0.872452424
3000000,3000,1600,1068,2111250,6.64243543,16890000,5.63,0.847580689
3000000,3000,938,1250,1162591,3.97298642,9300728,3.100242667,0.780330547
3000000,3000,1600,1070,1426464,4.69153059,11411712,3.803904,0.810802344
3000000,3000,938,1250,1352544,4.495340032,10820352,3.606784,0.802338416
3000000,3000,1065,1600,1469480,4.765576801,11755840,3.918613333,0.822274721
3000000,3000,1210,1600,2071394,6.494058965,16571152,5.523717333,0.850580101
3000000,3000,938,1250,1282401,4.299652166,10259208,3.419736,0.795351779
3000000,3000,1600,1065,2676486,8.150003072,21411888,7.137296,0.87574151
3000000,3000,1200,1600,2402644,7.409688152,19221152,6.407050667,0.864685603
3000000,3000,1200,1600,2092639,6.542152824,16741112,5.580370667,0.852986902
3000000,3000,1200,1600,1766842,5.600612121,14134736,4.711578667,0.841261377
3000000,3000,465,1600,1092545,4.171814555,8740360,2.913453333,0.698365974
3000000,3000,1250,1228,1653536,5.264936475,13228288,4.409429333,0.837508554
3000000,3000,1250,938,1413641,4.602575463,11309128,3.769709333,0.81904346
3000000,3000,898,1600,1901959,6.015909989,15215672,5.071890667,0.843079547
3000000,3000,1600,1068,1915446,6.259019799,15323568,5.107856,0.816079221
3000000,3000,1600,1068,2144622,6.666190653,17156976,5.718992,0.857910057
3000000,3000,1020,1600,2503272,7.686899989,20026176,6.675392,0.868411454
3000000,3000,808,1600,2414769,7.497627775,19318152,6.439384,0.858856187
3000000,3000,1600,1200,2127391,6.617415493,17019128,5.673042667,0.857289779
3000000,3000,1600,1390,2388074,7.4362444,19104592,6.368197333,0.856372786
3000000,3000,1068,1600,1378276,4.527472461,11026208,3.675402667,0.811800115
3000000,3000,1600,1200,3020157,9.097268757,24161256,8.053752,0.885293401
3000000,3000,480,640,465161,2.009590387,3721288,1.240429333,0.61725481
3000000,3000,480,640,441589,1.91485924,3532712,1.177570667,0.61496461
3000000,3000,383,640,383725,1.762659621,3069800,1.023266667,0.580524257
3000000,3000,333,500,374013,1.795261041,2992104,0.997368,0.555555976
3000000,3000,279,640,370409,1.76394612,2963272,0.987757333,0.559970241
3000000,3000,420,640,415601,1.874111396,3324808,1.108269333,0.591357235
3000000,3000,375,500,349774,1.681494686,2798192,0.932730667,0.554703309
3000000,3000,375,500,221663,1.304630407,1773304,0.591101333,0.453079531
3000000,3000,375,500,299013,1.532493131,2392104,0.797368,0.520307715
3000000,3000,375,500,310825,1.702703297,2486600,0.828866667,0.486794539
3000000,3000,429,640,238233,1.342198631,1905864,0.635288,0.473318915
3000000,3000,639,960,991079,3.454419356,7928632,2.642877333,0.765071365
3000000,3000,642,960,872558,3.175828733,6980464,2.326821333,0.732665874
3000000,3000,726,960,796277,2.967123355,6370216,2.123405333,0.715644441
3000000,3000,720,960,1151338,4.028469115,9210704,3.070234667,0.762134344
3000000,3000,720,960,1111809,3.804087903,8894472,2.964824,0.779378415
3000000,3000,639,960,1202040,4.070124653,9616320,3.20544,0.787553275
3000000,3000,639,960,922497,3.231340076,7379976,2.459992,0.761291582
3000000,3000,845,960,840644,3.043957589,6725152,2.241717333,0.736448281
3000000,3000,918,918,939716,3.470774077,7517728,2.505909333,0.722003011
3000000,3000,720,960,826374,3.04396725,6610992,2.203664,0.723944714
3000000,3000,720,960,976410,3.385535969,7811280,2.60376,0.769083544
3000000,3000,960,719,1226595,4.04936816,9812760,3.27092,0.807760587
3000000,3000,642,960,804148,3.056242423,6433184,2.144394667,0.701644166
3000000,3000,960,765,906843,3.244830835,7254744,2.418248,0.745261656
3000000,3000,960,960,955547,3.356693374,7644376,2.548125333,0.759117694
3000000,3000,686,960,896736,3.258610003,7173888,2.391296,0.733839274
3000000,3000,548,822,1017275,3.523933805,8138200,2.712733333,0.76980258
3000000,3000,576,720,689807,2.767759147,5518456,1.839485333,0.66461178
3000000,3000,536,559,497496,2.095365145,3979968,1.326656,0.633138335
3000000,3000,387,462,339513,1.642336506,2716104,0.905368,0.551268267
3000000,3000,351,309,135021,1.083229704,1080168,0.360056,0.33239118
3000000,3000,366,770,721296,2.685430937,5770368,1.923456,0.716255992
3000000,3000,480,640,821168,2.992585538,6569344,2.189781333,0.731735586
3000000,3000,480,640,766240,2.809822243,6129920,2.043306667,0.727201399
3000000,3000,480,640,633322,2.4473816,5066576,1.688858667,0.690067567
3000000,3000,960,1280,2188564,6.784132999,17508512,5.836170667,0.860267726
3000000,3000,960,1280,2559360,7.825090247,20474880,6.82496,0.872189302
3000000,3000,960,1280,2533995,7.76245303,20271960,6.75732,0.87051348
3000000,3000,960,1280,2706112,8.229232437,21648896,7.216298667,0.876910298
3000000,3000,960,1280,2519906,7.689687738,20159248,6.719749333,0.873865047
3000000,3000,960,1280,3442989,10.28519844,27543912,9.181304,0.892671547
3000000,3000,960,1280,3118173,9.375024265,24945384,8.315128,0.886944691
3000000,3000,877,1240,2470642,7.606342769,19765136,6.588378667,0.866169047
